item_id,construction,condition,subject_number,attractor_number,grammaticality,subject,attractor,prefix,target_verb,correct_verb,incorrect_verb,sentence,source,source_template
1,ORC,a,singular,singular,grammatical,driver,runner,The runner who the driver,sees,sees,see,The runner who the driver sees during the commute every morning always waves to say hi.,"Wagers, Lau & Phillips (2009), Exp. 3",The runner(s) who the driver(s) see(s) during the commute every morning always wave(s) to say hi.
1,ORC,b,singular,plural,grammatical,driver,runners,The runners who the driver,sees,sees,see,The runners who the driver sees during the commute every morning always wave to say hi.,"Wagers, Lau & Phillips (2009), Exp. 3",The runner(s) who the driver(s) see(s) during the commute every morning always wave(s) to say hi.
1,ORC,c,singular,singular,ungrammatical,driver,runner,The runner who the driver,see,sees,see,The runner who the driver see during the commute every morning always waves to say hi.,"Wagers, Lau & Phillips (2009), Exp. 3",The runner(s) who the driver(s) see(s) during the commute every morning always wave(s) to say hi.
1,ORC,d,singular,plural,ungrammatical,driver,runners,The runners who the driver,see,sees,see,The runners who the driver see during the commute every morning always wave to say hi.,"Wagers, Lau & Phillips (2009), Exp. 3",The runner(s) who the driver(s) see(s) during the commute every morning always wave(s) to say hi.
1,ORC,e,plural,singular,grammatical,drivers,runner,The runner who the drivers,see,see,sees,The runner who the drivers see during the commute every morning always waves to say hi.,"Wagers, Lau & Phillips (2009), Exp. 3",The runner(s) who the driver(s) see(s) during the commute every morning always wave(s) to say hi.
1,ORC,f,plural,plural,grammatical,drivers,runners,The runners who the drivers,see,see,sees,The runners who the drivers see during the commute every morning always wave to say hi.,"Wagers, Lau & Phillips (2009), Exp. 3",The runner(s) who the driver(s) see(s) during the commute every morning always wave(s) to say hi.
1,ORC,g,plural,singular,ungrammatical,drivers,runner,The runner who the drivers,sees,see,sees,The runner who the drivers sees during the commute every morning always waves to say hi.,"Wagers, Lau & Phillips (2009), Exp. 3",The runner(s) who the driver(s) see(s) during the commute every morning always wave(s) to say hi.
1,ORC,h,plural,plural,ungrammatical,drivers,runners,The runners who the drivers,sees,see,sees,The runners who the drivers sees during the commute every morning always wave to say hi.,"Wagers, Lau & Phillips (2009), Exp. 3",The runner(s) who the driver(s) see(s) during the commute every morning always wave(s) to say hi.
2,ORC,a,singular,singular,grammatical,activist,industrialist,The industrialist who the activist,criticizes,criticizes,criticize,The industrialist who the activist criticizes always puts profit above concern for the environment.,"Wagers, Lau & Phillips (2009), Exp. 3",The industrialist(s) who the activist(s) criticize(s) always put(s) profit above concern for the environment.
2,ORC,b,singular,plural,grammatical,activist,industrialists,The industrialists who the activist,criticizes,criticizes,criticize,The industrialists who the activist criticizes always put profit above concern for the environment.,"Wagers, Lau & Phillips (2009), Exp. 3",The industrialist(s) who the activist(s) criticize(s) always put(s) profit above concern for the environment.
2,ORC,c,singular,singular,ungrammatical,activist,industrialist,The industrialist who the activist,criticize,criticizes,criticize,The industrialist who the activist criticize always puts profit above concern for the environment.,"Wagers, Lau & Phillips (2009), Exp. 3",The industrialist(s) who the activist(s) criticize(s) always put(s) profit above concern for the environment.
2,ORC,d,singular,plural,ungrammatical,activist,industrialists,The industrialists who the activist,criticize,criticizes,criticize,The industrialists who the activist criticize always put profit above concern for the environment.,"Wagers, Lau & Phillips (2009), Exp. 3",The industrialist(s) who the activist(s) criticize(s) always put(s) profit above concern for the environment.
2,ORC,e,plural,singular,grammatical,activists,industrialist,The industrialist who the activists,criticize,criticize,criticizes,The industrialist who the activists criticize always puts profit above concern for the environment.,"Wagers, Lau & Phillips (2009), Exp. 3",The industrialist(s) who the activist(s) criticize(s) always put(s) profit above concern for the environment.
2,ORC,f,plural,plural,grammatical,activists,industrialists,The industrialists who the activists,criticize,criticize,criticizes,The industrialists who the activists criticize always put profit above concern for the environment.,"Wagers, Lau & Phillips (2009), Exp. 3",The industrialist(s) who the activist(s) criticize(s) always put(s) profit above concern for the environment.
2,ORC,g,plural,singular,ungrammatical,activists,industrialist,The industrialist who the activists,criticizes,criticize,criticizes,The industrialist who the activists criticizes always puts profit above concern for the environment.,"Wagers, Lau & Phillips (2009), Exp. 3",The industrialist(s) who the activist(s) criticize(s) always put(s) profit above concern for the environment.
2,ORC,h,plural,plural,ungrammatical,activists,industrialists,The industrialists who the activists,criticizes,criticize,criticizes,The industrialists who the activists criticizes always put profit above concern for the environment.,"Wagers, Lau & Phillips (2009), Exp. 3",The industrialist(s) who the activist(s) criticize(s) always put(s) profit above concern for the environment.
3,ORC,a,singular,singular,grammatical,coach,player,The player who the coach,likes,likes,like,The player who the coach likes the best is the one who always gets to practice on time.,"Wagers, Lau & Phillips (2009), Exp. 3",The player(s) who the coach(es) like(s) the best is/are the one who always gets to practice on time.
3,ORC,b,singular,plural,grammatical,coach,players,The players who the coach,likes,likes,like,The players who the coach likes the best are the ones who always get to practice on time.,"Wagers, Lau & Phillips (2009), Exp. 3",The player(s) who the coach(es) like(s) the best is/are the one who always gets to practice on time.
3,ORC,c,singular,singular,ungrammatical,coach,player,The player who the coach,like,likes,like,The player who the coach like the best is the one who always gets to practice on time.,"Wagers, Lau & Phillips (2009), Exp. 3",The player(s) who the coach(es) like(s) the best is/are the one who always gets to practice on time.
3,ORC,d,singular,plural,ungrammatical,coach,players,The players who the coach,like,likes,like,The players who the coach like the best are the ones who always get to practice on time.,"Wagers, Lau & Phillips (2009), Exp. 3",The player(s) who the coach(es) like(s) the best is/are the one who always gets to practice on time.
3,ORC,e,plural,singular,grammatical,coaches,player,The player who the coaches,like,like,likes,The player who the coaches like the best is the one who always gets to practice on time.,"Wagers, Lau & Phillips (2009), Exp. 3",The player(s) who the coach(es) like(s) the best is/are the one who always gets to practice on time.
3,ORC,f,plural,plural,grammatical,coaches,players,The players who the coaches,like,like,likes,The players who the coaches like the best are the ones who always get to practice on time.,"Wagers, Lau & Phillips (2009), Exp. 3",The player(s) who the coach(es) like(s) the best is/are the one who always gets to practice on time.
3,ORC,g,plural,singular,ungrammatical,coaches,player,The player who the coaches,likes,like,likes,The player who the coaches likes the best is the one who always gets to practice on time.,"Wagers, Lau & Phillips (2009), Exp. 3",The player(s) who the coach(es) like(s) the best is/are the one who always gets to practice on time.
3,ORC,h,plural,plural,ungrammatical,coaches,players,The players who the coaches,likes,like,likes,The players who the coaches likes the best are the ones who always get to practice on time.,"Wagers, Lau & Phillips (2009), Exp. 3",The player(s) who the coach(es) like(s) the best is/are the one who always gets to practice on time.
4,ORC,a,singular,singular,grammatical,director,volunteer,The volunteer who the director,relies,relies,rely,The volunteer who the director relies on completely is dedicated to her work.,"Wagers, Lau & Phillips (2009), Exp. 3",The volunteer(s) who the director(s) relies on completely is/are dedicated to her work.
4,ORC,b,singular,plural,grammatical,director,volunteers,The volunteers who the director,relies,relies,rely,The volunteers who the director relies on completely are dedicated to their work.,"Wagers, Lau & Phillips (2009), Exp. 3",The volunteer(s) who the director(s) relies on completely is/are dedicated to her work.
4,ORC,c,singular,singular,ungrammatical,director,volunteer,The volunteer who the director,rely,relies,rely,The volunteer who the director rely on completely is dedicated to her work.,"Wagers, Lau & Phillips (2009), Exp. 3",The volunteer(s) who the director(s) relies on completely is/are dedicated to her work.
4,ORC,d,singular,plural,ungrammatical,director,volunteers,The volunteers who the director,rely,relies,rely,The volunteers who the director rely on completely are dedicated to their work.,"Wagers, Lau & Phillips (2009), Exp. 3",The volunteer(s) who the director(s) relies on completely is/are dedicated to her work.
4,ORC,e,plural,singular,grammatical,directors,volunteer,The volunteer who the directors,rely,rely,relies,The volunteer who the directors rely on completely is dedicated to her work.,"Wagers, Lau & Phillips (2009), Exp. 3",The volunteer(s) who the director(s) relies on completely is/are dedicated to her work.
4,ORC,f,plural,plural,grammatical,directors,volunteers,The volunteers who the directors,rely,rely,relies,The volunteers who the directors rely on completely are dedicated to their work.,"Wagers, Lau & Phillips (2009), Exp. 3",The volunteer(s) who the director(s) relies on completely is/are dedicated to her work.
4,ORC,g,plural,singular,ungrammatical,directors,volunteer,The volunteer who the directors,relies,rely,relies,The volunteer who the directors relies on completely is dedicated to her work.,"Wagers, Lau & Phillips (2009), Exp. 3",The volunteer(s) who the director(s) relies on completely is/are dedicated to her work.
4,ORC,h,plural,plural,ungrammatical,directors,volunteers,The volunteers who the directors,relies,rely,relies,The volunteers who the directors relies on completely are dedicated to their work.,"Wagers, Lau & Phillips (2009), Exp. 3",The volunteer(s) who the director(s) relies on completely is/are dedicated to her work.
5,ORC,a,singular,singular,grammatical,librarian,author,The author who the librarian,recommends,recommends,recommend,The author who the librarian recommends for summer reading is very popular in India.,"Wagers, Lau & Phillips (2009), Exp. 3",The author(s) who the librarian(s) recommend(s) for summer reading is/are very popular in India.
5,ORC,b,singular,plural,grammatical,librarian,authors,The authors who the librarian,recommends,recommends,recommend,The authors who the librarian recommends for summer reading are very popular in India.,"Wagers, Lau & Phillips (2009), Exp. 3",The author(s) who the librarian(s) recommend(s) for summer reading is/are very popular in India.
5,ORC,c,singular,singular,ungrammatical,librarian,author,The author who the librarian,recommend,recommends,recommend,The author who the librarian recommend for summer reading is very popular in India.,"Wagers, Lau & Phillips (2009), Exp. 3",The author(s) who the librarian(s) recommend(s) for summer reading is/are very popular in India.
5,ORC,d,singular,plural,ungrammatical,librarian,authors,The authors who the librarian,recommend,recommends,recommend,The authors who the librarian recommend for summer reading are very popular in India.,"Wagers, Lau & Phillips (2009), Exp. 3",The author(s) who the librarian(s) recommend(s) for summer reading is/are very popular in India.
5,ORC,e,plural,singular,grammatical,librarians,author,The author who the librarians,recommend,recommend,recommends,The author who the librarians recommend for summer reading is very popular in India.,"Wagers, Lau & Phillips (2009), Exp. 3",The author(s) who the librarian(s) recommend(s) for summer reading is/are very popular in India.
5,ORC,f,plural,plural,grammatical,librarians,authors,The authors who the librarians,recommend,recommend,recommends,The authors who the librarians recommend for summer reading are very popular in India.,"Wagers, Lau & Phillips (2009), Exp. 3",The author(s) who the librarian(s) recommend(s) for summer reading is/are very popular in India.
5,ORC,g,plural,singular,ungrammatical,librarians,author,The author who the librarians,recommends,recommend,recommends,The author who the librarians recommends for summer reading is very popular in India.,"Wagers, Lau & Phillips (2009), Exp. 3",The author(s) who the librarian(s) recommend(s) for summer reading is/are very popular in India.
5,ORC,h,plural,plural,ungrammatical,librarians,authors,The authors who the librarians,recommends,recommend,recommends,The authors who the librarians recommends for summer reading are very popular in India.,"Wagers, Lau & Phillips (2009), Exp. 3",The author(s) who the librarian(s) recommend(s) for summer reading is/are very popular in India.
6,ORC,a,singular,singular,grammatical,smuggler,pilot,The pilot who the smuggler,employs,employs,employ,The pilot who the smuggler employs in Brazil must be discreet and good at thinking fast.,"Wagers, Lau & Phillips (2009), Exp. 3",The pilot(s) who the smuggler(s) employ(s) in Brazil must be discreet and good at thinking fast.
6,ORC,b,singular,plural,grammatical,smuggler,pilots,The pilots who the smuggler,employs,employs,employ,The pilots who the smuggler employs in Brazil must be discreet and good at thinking fast.,"Wagers, Lau & Phillips (2009), Exp. 3",The pilot(s) who the smuggler(s) employ(s) in Brazil must be discreet and good at thinking fast.
6,ORC,c,singular,singular,ungrammatical,smuggler,pilot,The pilot who the smuggler,employ,employs,employ,The pilot who the smuggler employ in Brazil must be discreet and good at thinking fast.,"Wagers, Lau & Phillips (2009), Exp. 3",The pilot(s) who the smuggler(s) employ(s) in Brazil must be discreet and good at thinking fast.
6,ORC,d,singular,plural,ungrammatical,smuggler,pilots,The pilots who the smuggler,employ,employs,employ,The pilots who the smuggler employ in Brazil must be discreet and good at thinking fast.,"Wagers, Lau & Phillips (2009), Exp. 3",The pilot(s) who the smuggler(s) employ(s) in Brazil must be discreet and good at thinking fast.
6,ORC,e,plural,singular,grammatical,smugglers,pilot,The pilot who the smugglers,employ,employ,employs,The pilot who the smugglers employ in Brazil must be discreet and good at thinking fast.,"Wagers, Lau & Phillips (2009), Exp. 3",The pilot(s) who the smuggler(s) employ(s) in Brazil must be discreet and good at thinking fast.
6,ORC,f,plural,plural,grammatical,smugglers,pilots,The pilots who the smugglers,employ,employ,employs,The pilots who the smugglers employ in Brazil must be discreet and good at thinking fast.,"Wagers, Lau & Phillips (2009), Exp. 3",The pilot(s) who the smuggler(s) employ(s) in Brazil must be discreet and good at thinking fast.
6,ORC,g,plural,singular,ungrammatical,smugglers,pilot,The pilot who the smugglers,employs,employ,employs,The pilot who the smugglers employs in Brazil must be discreet and good at thinking fast.,"Wagers, Lau & Phillips (2009), Exp. 3",The pilot(s) who the smuggler(s) employ(s) in Brazil must be discreet and good at thinking fast.
6,ORC,h,plural,plural,ungrammatical,smugglers,pilots,The pilots who the smugglers,employs,employ,employs,The pilots who the smugglers employs in Brazil must be discreet and good at thinking fast.,"Wagers, Lau & Phillips (2009), Exp. 3",The pilot(s) who the smuggler(s) employ(s) in Brazil must be discreet and good at thinking fast.
7,ORC,a,singular,singular,grammatical,researcher,colleague,The colleague who the researcher,spends,spends,spend,The colleague who the researcher spends the most time with comes up with crazy but inventive ideas.,"Wagers, Lau & Phillips (2009), Exp. 3",The colleague(s) who the researcher(s) spend(s) the most time with come(s) up with crazy but inventive ideas.
7,ORC,b,singular,plural,grammatical,researcher,colleagues,The colleagues who the researcher,spends,spends,spend,The colleagues who the researcher spends the most time with come up with crazy but inventive ideas.,"Wagers, Lau & Phillips (2009), Exp. 3",The colleague(s) who the researcher(s) spend(s) the most time with come(s) up with crazy but inventive ideas.
7,ORC,c,singular,singular,ungrammatical,researcher,colleague,The colleague who the researcher,spend,spends,spend,The colleague who the researcher spend the most time with comes up with crazy but inventive ideas.,"Wagers, Lau & Phillips (2009), Exp. 3",The colleague(s) who the researcher(s) spend(s) the most time with come(s) up with crazy but inventive ideas.
7,ORC,d,singular,plural,ungrammatical,researcher,colleagues,The colleagues who the researcher,spend,spends,spend,The colleagues who the researcher spend the most time with come up with crazy but inventive ideas.,"Wagers, Lau & Phillips (2009), Exp. 3",The colleague(s) who the researcher(s) spend(s) the most time with come(s) up with crazy but inventive ideas.
7,ORC,e,plural,singular,grammatical,researchers,colleague,The colleague who the researchers,spend,spend,spends,The colleague who the researchers spend the most time with comes up with crazy but inventive ideas.,"Wagers, Lau & Phillips (2009), Exp. 3",The colleague(s) who the researcher(s) spend(s) the most time with come(s) up with crazy but inventive ideas.
7,ORC,f,plural,plural,grammatical,researchers,colleagues,The colleagues who the researchers,spend,spend,spends,The colleagues who the researchers spend the most time with come up with crazy but inventive ideas.,"Wagers, Lau & Phillips (2009), Exp. 3",The colleague(s) who the researcher(s) spend(s) the most time with come(s) up with crazy but inventive ideas.
7,ORC,g,plural,singular,ungrammatical,researchers,colleague,The colleague who the researchers,spends,spend,spends,The colleague who the researchers spends the most time with comes up with crazy but inventive ideas.,"Wagers, Lau & Phillips (2009), Exp. 3",The colleague(s) who the researcher(s) spend(s) the most time with come(s) up with crazy but inventive ideas.
7,ORC,h,plural,plural,ungrammatical,researchers,colleagues,The colleagues who the researchers,spends,spend,spends,The colleagues who the researchers spends the most time with come up with crazy but inventive ideas.,"Wagers, Lau & Phillips (2009), Exp. 3",The colleague(s) who the researcher(s) spend(s) the most time with come(s) up with crazy but inventive ideas.
8,ORC,a,singular,singular,grammatical,doctor,patient,The patient who the doctor,checks,checks,check,The patient who the doctor checks on daily is undergoing an experimental treatment.,"Wagers, Lau & Phillips (2009), Exp. 3",The patient(s) who the doctor(s) check(s) on daily is/are undergoing an experimental treatment.
8,ORC,b,singular,plural,grammatical,doctor,patients,The patients who the doctor,checks,checks,check,The patients who the doctor checks on daily are undergoing an experimental treatment.,"Wagers, Lau & Phillips (2009), Exp. 3",The patient(s) who the doctor(s) check(s) on daily is/are undergoing an experimental treatment.
8,ORC,c,singular,singular,ungrammatical,doctor,patient,The patient who the doctor,check,checks,check,The patient who the doctor check on daily is undergoing an experimental treatment.,"Wagers, Lau & Phillips (2009), Exp. 3",The patient(s) who the doctor(s) check(s) on daily is/are undergoing an experimental treatment.
8,ORC,d,singular,plural,ungrammatical,doctor,patients,The patients who the doctor,check,checks,check,The patients who the doctor check on daily are undergoing an experimental treatment.,"Wagers, Lau & Phillips (2009), Exp. 3",The patient(s) who the doctor(s) check(s) on daily is/are undergoing an experimental treatment.
8,ORC,e,plural,singular,grammatical,doctors,patient,The patient who the doctors,check,check,checks,The patient who the doctors check on daily is undergoing an experimental treatment.,"Wagers, Lau & Phillips (2009), Exp. 3",The patient(s) who the doctor(s) check(s) on daily is/are undergoing an experimental treatment.
8,ORC,f,plural,plural,grammatical,doctors,patients,The patients who the doctors,check,check,checks,The patients who the doctors check on daily are undergoing an experimental treatment.,"Wagers, Lau & Phillips (2009), Exp. 3",The patient(s) who the doctor(s) check(s) on daily is/are undergoing an experimental treatment.
8,ORC,g,plural,singular,ungrammatical,doctors,patient,The patient who the doctors,checks,check,checks,The patient who the doctors checks on daily is undergoing an experimental treatment.,"Wagers, Lau & Phillips (2009), Exp. 3",The patient(s) who the doctor(s) check(s) on daily is/are undergoing an experimental treatment.
8,ORC,h,plural,plural,ungrammatical,doctors,patients,The patients who the doctors,checks,check,checks,The patients who the doctors checks on daily are undergoing an experimental treatment.,"Wagers, Lau & Phillips (2009), Exp. 3",The patient(s) who the doctor(s) check(s) on daily is/are undergoing an experimental treatment.
9,ORC,a,singular,singular,grammatical,officer,Marine,The Marine who the officer,wants,wants,want,The Marine who the officer wants to promote is always ready to risk his life for someone in need.,"Wagers, Lau & Phillips (2009), Exp. 3",The Marine(s) who the officer(s) want(s) to promote is/are always ready to risk his/their life/lives for someone in need.
9,ORC,b,singular,plural,grammatical,officer,Marines,The Marines who the officer,wants,wants,want,The Marines who the officer wants to promote are always ready to risk their lives for someone in need.,"Wagers, Lau & Phillips (2009), Exp. 3",The Marine(s) who the officer(s) want(s) to promote is/are always ready to risk his/their life/lives for someone in need.
9,ORC,c,singular,singular,ungrammatical,officer,Marine,The Marine who the officer,want,wants,want,The Marine who the officer want to promote is always ready to risk his life for someone in need.,"Wagers, Lau & Phillips (2009), Exp. 3",The Marine(s) who the officer(s) want(s) to promote is/are always ready to risk his/their life/lives for someone in need.
9,ORC,d,singular,plural,ungrammatical,officer,Marines,The Marines who the officer,want,wants,want,The Marines who the officer want to promote are always ready to risk their lives for someone in need.,"Wagers, Lau & Phillips (2009), Exp. 3",The Marine(s) who the officer(s) want(s) to promote is/are always ready to risk his/their life/lives for someone in need.
9,ORC,e,plural,singular,grammatical,officers,Marine,The Marine who the officers,want,want,wants,The Marine who the officers want to promote is always ready to risk his life for someone in need.,"Wagers, Lau & Phillips (2009), Exp. 3",The Marine(s) who the officer(s) want(s) to promote is/are always ready to risk his/their life/lives for someone in need.
9,ORC,f,plural,plural,grammatical,officers,Marines,The Marines who the officers,want,want,wants,The Marines who the officers want to promote are always ready to risk their lives for someone in need.,"Wagers, Lau & Phillips (2009), Exp. 3",The Marine(s) who the officer(s) want(s) to promote is/are always ready to risk his/their life/lives for someone in need.
9,ORC,g,plural,singular,ungrammatical,officers,Marine,The Marine who the officers,wants,want,wants,The Marine who the officers wants to promote is always ready to risk his life for someone in need.,"Wagers, Lau & Phillips (2009), Exp. 3",The Marine(s) who the officer(s) want(s) to promote is/are always ready to risk his/their life/lives for someone in need.
9,ORC,h,plural,plural,ungrammatical,officers,Marines,The Marines who the officers,wants,want,wants,The Marines who the officers wants to promote are always ready to risk their lives for someone in need.,"Wagers, Lau & Phillips (2009), Exp. 3",The Marine(s) who the officer(s) want(s) to promote is/are always ready to risk his/their life/lives for someone in need.
10,ORC,a,singular,singular,grammatical,donor,sculptor,The sculptor who the donor,supports,supports,support,The sculptor who the donor supports so generously has held several acclaimed exhibitions.,"Wagers, Lau & Phillips (2009), Exp. 3",The sculptor(s) who the donor(s) support(s) so generously has/have held several acclaimed exhibitions.
10,ORC,b,singular,plural,grammatical,donor,sculptors,The sculptors who the donor,supports,supports,support,The sculptors who the donor supports so generously have held several acclaimed exhibitions.,"Wagers, Lau & Phillips (2009), Exp. 3",The sculptor(s) who the donor(s) support(s) so generously has/have held several acclaimed exhibitions.
10,ORC,c,singular,singular,ungrammatical,donor,sculptor,The sculptor who the donor,support,supports,support,The sculptor who the donor support so generously has held several acclaimed exhibitions.,"Wagers, Lau & Phillips (2009), Exp. 3",The sculptor(s) who the donor(s) support(s) so generously has/have held several acclaimed exhibitions.
10,ORC,d,singular,plural,ungrammatical,donor,sculptors,The sculptors who the donor,support,supports,support,The sculptors who the donor support so generously have held several acclaimed exhibitions.,"Wagers, Lau & Phillips (2009), Exp. 3",The sculptor(s) who the donor(s) support(s) so generously has/have held several acclaimed exhibitions.
10,ORC,e,plural,singular,grammatical,donors,sculptor,The sculptor who the donors,support,support,supports,The sculptor who the donors support so generously has held several acclaimed exhibitions.,"Wagers, Lau & Phillips (2009), Exp. 3",The sculptor(s) who the donor(s) support(s) so generously has/have held several acclaimed exhibitions.
10,ORC,f,plural,plural,grammatical,donors,sculptors,The sculptors who the donors,support,support,supports,The sculptors who the donors support so generously have held several acclaimed exhibitions.,"Wagers, Lau & Phillips (2009), Exp. 3",The sculptor(s) who the donor(s) support(s) so generously has/have held several acclaimed exhibitions.
10,ORC,g,plural,singular,ungrammatical,donors,sculptor,The sculptor who the donors,supports,support,supports,The sculptor who the donors supports so generously has held several acclaimed exhibitions.,"Wagers, Lau & Phillips (2009), Exp. 3",The sculptor(s) who the donor(s) support(s) so generously has/have held several acclaimed exhibitions.
10,ORC,h,plural,plural,ungrammatical,donors,sculptors,The sculptors who the donors,supports,support,supports,The sculptors who the donors supports so generously have held several acclaimed exhibitions.,"Wagers, Lau & Phillips (2009), Exp. 3",The sculptor(s) who the donor(s) support(s) so generously has/have held several acclaimed exhibitions.
11,ORC,a,singular,singular,grammatical,hostess,caterer,The caterer who the hostess,suggests,suggests,suggest,The caterer who the hostess suggests to her friends is excellent but outrageously expensive.,"Wagers, Lau & Phillips (2009), Exp. 3",The caterer(s) who the hostess(es) suggest(s) to her/their friends is/are excellent but outrageously expensive.
11,ORC,b,singular,plural,grammatical,hostess,caterers,The caterers who the hostess,suggests,suggests,suggest,The caterers who the hostess suggests to her friends are excellent but outrageously expensive.,"Wagers, Lau & Phillips (2009), Exp. 3",The caterer(s) who the hostess(es) suggest(s) to her/their friends is/are excellent but outrageously expensive.
11,ORC,c,singular,singular,ungrammatical,hostess,caterer,The caterer who the hostess,suggest,suggests,suggest,The caterer who the hostess suggest to her friends is excellent but outrageously expensive.,"Wagers, Lau & Phillips (2009), Exp. 3",The caterer(s) who the hostess(es) suggest(s) to her/their friends is/are excellent but outrageously expensive.
11,ORC,d,singular,plural,ungrammatical,hostess,caterers,The caterers who the hostess,suggest,suggests,suggest,The caterers who the hostess suggest to her friends are excellent but outrageously expensive.,"Wagers, Lau & Phillips (2009), Exp. 3",The caterer(s) who the hostess(es) suggest(s) to her/their friends is/are excellent but outrageously expensive.
11,ORC,e,plural,singular,grammatical,hostesses,caterer,The caterer who the hostesses,suggest,suggest,suggests,The caterer who the hostesses suggest to their friends is excellent but outrageously expensive.,"Wagers, Lau & Phillips (2009), Exp. 3",The caterer(s) who the hostess(es) suggest(s) to her/their friends is/are excellent but outrageously expensive.
11,ORC,f,plural,plural,grammatical,hostesses,caterers,The caterers who the hostesses,suggest,suggest,suggests,The caterers who the hostesses suggest to their friends are excellent but outrageously expensive.,"Wagers, Lau & Phillips (2009), Exp. 3",The caterer(s) who the hostess(es) suggest(s) to her/their friends is/are excellent but outrageously expensive.
11,ORC,g,plural,singular,ungrammatical,hostesses,caterer,The caterer who the hostesses,suggests,suggest,suggests,The caterer who the hostesses suggests to their friends is excellent but outrageously expensive.,"Wagers, Lau & Phillips (2009), Exp. 3",The caterer(s) who the hostess(es) suggest(s) to her/their friends is/are excellent but outrageously expensive.
11,ORC,h,plural,plural,ungrammatical,hostesses,caterers,The caterers who the hostesses,suggests,suggest,suggests,The caterers who the hostesses suggests to their friends are excellent but outrageously expensive.,"Wagers, Lau & Phillips (2009), Exp. 3",The caterer(s) who the hostess(es) suggest(s) to her/their friends is/are excellent but outrageously expensive.
12,ORC,a,singular,singular,grammatical,voter,senator,The senator who the voter,listens,listens,listen,The senator who the voter listens to patiently at all the local political events just never seems trustworthy.,"Wagers, Lau & Phillips (2009), Exp. 3",The senator(s) who the voter(s) listen(s) to patiently at all the local political events just never seem(s) trustworthy.
12,ORC,b,singular,plural,grammatical,voter,senators,The senators who the voter,listens,listens,listen,The senators who the voter listens to patiently at all the local political events just never seem trustworthy.,"Wagers, Lau & Phillips (2009), Exp. 3",The senator(s) who the voter(s) listen(s) to patiently at all the local political events just never seem(s) trustworthy.
12,ORC,c,singular,singular,ungrammatical,voter,senator,The senator who the voter,listen,listens,listen,The senator who the voter listen to patiently at all the local political events just never seems trustworthy.,"Wagers, Lau & Phillips (2009), Exp. 3",The senator(s) who the voter(s) listen(s) to patiently at all the local political events just never seem(s) trustworthy.
12,ORC,d,singular,plural,ungrammatical,voter,senators,The senators who the voter,listen,listens,listen,The senators who the voter listen to patiently at all the local political events just never seem trustworthy.,"Wagers, Lau & Phillips (2009), Exp. 3",The senator(s) who the voter(s) listen(s) to patiently at all the local political events just never seem(s) trustworthy.
12,ORC,e,plural,singular,grammatical,voters,senator,The senator who the voters,listen,listen,listens,The senator who the voters listen to patiently at all the local political events just never seems trustworthy.,"Wagers, Lau & Phillips (2009), Exp. 3",The senator(s) who the voter(s) listen(s) to patiently at all the local political events just never seem(s) trustworthy.
12,ORC,f,plural,plural,grammatical,voters,senators,The senators who the voters,listen,listen,listens,The senators who the voters listen to patiently at all the local political events just never seem trustworthy.,"Wagers, Lau & Phillips (2009), Exp. 3",The senator(s) who the voter(s) listen(s) to patiently at all the local political events just never seem(s) trustworthy.
12,ORC,g,plural,singular,ungrammatical,voters,senator,The senator who the voters,listens,listen,listens,The senator who the voters listens to patiently at all the local political events just never seems trustworthy.,"Wagers, Lau & Phillips (2009), Exp. 3",The senator(s) who the voter(s) listen(s) to patiently at all the local political events just never seem(s) trustworthy.
12,ORC,h,plural,plural,ungrammatical,voters,senators,The senators who the voters,listens,listen,listens,The senators who the voters listens to patiently at all the local political events just never seem trustworthy.,"Wagers, Lau & Phillips (2009), Exp. 3",The senator(s) who the voter(s) listen(s) to patiently at all the local political events just never seem(s) trustworthy.
13,ORC,a,singular,singular,grammatical,farmer,teenager,The teenager who the farmer,hires,hires,hire,The teenager who the farmer hires to pick fruit every summer usually works pretty hard.,"Wagers, Lau & Phillips (2009), Exp. 3",The teenager(s) who the farmer(s) hire(s) to pick fruit every summer usually work(s) pretty hard.
13,ORC,b,singular,plural,grammatical,farmer,teenagers,The teenagers who the farmer,hires,hires,hire,The teenagers who the farmer hires to pick fruit every summer usually work pretty hard.,"Wagers, Lau & Phillips (2009), Exp. 3",The teenager(s) who the farmer(s) hire(s) to pick fruit every summer usually work(s) pretty hard.
13,ORC,c,singular,singular,ungrammatical,farmer,teenager,The teenager who the farmer,hire,hires,hire,The teenager who the farmer hire to pick fruit every summer usually works pretty hard.,"Wagers, Lau & Phillips (2009), Exp. 3",The teenager(s) who the farmer(s) hire(s) to pick fruit every summer usually work(s) pretty hard.
13,ORC,d,singular,plural,ungrammatical,farmer,teenagers,The teenagers who the farmer,hire,hires,hire,The teenagers who the farmer hire to pick fruit every summer usually work pretty hard.,"Wagers, Lau & Phillips (2009), Exp. 3",The teenager(s) who the farmer(s) hire(s) to pick fruit every summer usually work(s) pretty hard.
13,ORC,e,plural,singular,grammatical,farmers,teenager,The teenager who the farmers,hire,hire,hires,The teenager who the farmers hire to pick fruit every summer usually works pretty hard.,"Wagers, Lau & Phillips (2009), Exp. 3",The teenager(s) who the farmer(s) hire(s) to pick fruit every summer usually work(s) pretty hard.
13,ORC,f,plural,plural,grammatical,farmers,teenagers,The teenagers who the farmers,hire,hire,hires,The teenagers who the farmers hire to pick fruit every summer usually work pretty hard.,"Wagers, Lau & Phillips (2009), Exp. 3",The teenager(s) who the farmer(s) hire(s) to pick fruit every summer usually work(s) pretty hard.
13,ORC,g,plural,singular,ungrammatical,farmers,teenager,The teenager who the farmers,hires,hire,hires,The teenager who the farmers hires to pick fruit every summer usually works pretty hard.,"Wagers, Lau & Phillips (2009), Exp. 3",The teenager(s) who the farmer(s) hire(s) to pick fruit every summer usually work(s) pretty hard.
13,ORC,h,plural,plural,ungrammatical,farmers,teenagers,The teenagers who the farmers,hires,hire,hires,The teenagers who the farmers hires to pick fruit every summer usually work pretty hard.,"Wagers, Lau & Phillips (2009), Exp. 3",The teenager(s) who the farmer(s) hire(s) to pick fruit every summer usually work(s) pretty hard.
14,ORC,a,singular,singular,grammatical,fan,goalie,The goalie who the fan,holds,holds,hold,The goalie who the fan holds the greatest confidence in is reliably calm under pressure.,"Wagers, Lau & Phillips (2009), Exp. 3",The goalie(s) who the fan(s) hold(s) the greatest confidence in is/are reliably calm under pressure.
14,ORC,b,singular,plural,grammatical,fan,goalies,The goalies who the fan,holds,holds,hold,The goalies who the fan holds the greatest confidence in are reliably calm under pressure.,"Wagers, Lau & Phillips (2009), Exp. 3",The goalie(s) who the fan(s) hold(s) the greatest confidence in is/are reliably calm under pressure.
14,ORC,c,singular,singular,ungrammatical,fan,goalie,The goalie who the fan,hold,holds,hold,The goalie who the fan hold the greatest confidence in is reliably calm under pressure.,"Wagers, Lau & Phillips (2009), Exp. 3",The goalie(s) who the fan(s) hold(s) the greatest confidence in is/are reliably calm under pressure.
14,ORC,d,singular,plural,ungrammatical,fan,goalies,The goalies who the fan,hold,holds,hold,The goalies who the fan hold the greatest confidence in are reliably calm under pressure.,"Wagers, Lau & Phillips (2009), Exp. 3",The goalie(s) who the fan(s) hold(s) the greatest confidence in is/are reliably calm under pressure.
14,ORC,e,plural,singular,grammatical,fans,goalie,The goalie who the fans,hold,hold,holds,The goalie who the fans hold the greatest confidence in is reliably calm under pressure.,"Wagers, Lau & Phillips (2009), Exp. 3",The goalie(s) who the fan(s) hold(s) the greatest confidence in is/are reliably calm under pressure.
14,ORC,f,plural,plural,grammatical,fans,goalies,The goalies who the fans,hold,hold,holds,The goalies who the fans hold the greatest confidence in are reliably calm under pressure.,"Wagers, Lau & Phillips (2009), Exp. 3",The goalie(s) who the fan(s) hold(s) the greatest confidence in is/are reliably calm under pressure.
14,ORC,g,plural,singular,ungrammatical,fans,goalie,The goalie who the fans,holds,hold,holds,The goalie who the fans holds the greatest confidence in is reliably calm under pressure.,"Wagers, Lau & Phillips (2009), Exp. 3",The goalie(s) who the fan(s) hold(s) the greatest confidence in is/are reliably calm under pressure.
14,ORC,h,plural,plural,ungrammatical,fans,goalies,The goalies who the fans,holds,hold,holds,The goalies who the fans holds the greatest confidence in are reliably calm under pressure.,"Wagers, Lau & Phillips (2009), Exp. 3",The goalie(s) who the fan(s) hold(s) the greatest confidence in is/are reliably calm under pressure.
15,ORC,a,singular,singular,grammatical,recruiter,quarterback,The quarterback who the recruiter,watches,watches,watch,The quarterback who the recruiter watches from the bleachers every weekend might win a lucrative contract.,"Wagers, Lau & Phillips (2009), Exp. 3",The quarterback(s) who the recruiter(s) watch(es) from the bleachers every weekend might win a lucrative contract.
15,ORC,b,singular,plural,grammatical,recruiter,quarterbacks,The quarterbacks who the recruiter,watches,watches,watch,The quarterbacks who the recruiter watches from the bleachers every weekend might win a lucrative contract.,"Wagers, Lau & Phillips (2009), Exp. 3",The quarterback(s) who the recruiter(s) watch(es) from the bleachers every weekend might win a lucrative contract.
15,ORC,c,singular,singular,ungrammatical,recruiter,quarterback,The quarterback who the recruiter,watch,watches,watch,The quarterback who the recruiter watch from the bleachers every weekend might win a lucrative contract.,"Wagers, Lau & Phillips (2009), Exp. 3",The quarterback(s) who the recruiter(s) watch(es) from the bleachers every weekend might win a lucrative contract.
15,ORC,d,singular,plural,ungrammatical,recruiter,quarterbacks,The quarterbacks who the recruiter,watch,watches,watch,The quarterbacks who the recruiter watch from the bleachers every weekend might win a lucrative contract.,"Wagers, Lau & Phillips (2009), Exp. 3",The quarterback(s) who the recruiter(s) watch(es) from the bleachers every weekend might win a lucrative contract.
15,ORC,e,plural,singular,grammatical,recruiters,quarterback,The quarterback who the recruiters,watch,watch,watches,The quarterback who the recruiters watch from the bleachers every weekend might win a lucrative contract.,"Wagers, Lau & Phillips (2009), Exp. 3",The quarterback(s) who the recruiter(s) watch(es) from the bleachers every weekend might win a lucrative contract.
15,ORC,f,plural,plural,grammatical,recruiters,quarterbacks,The quarterbacks who the recruiters,watch,watch,watches,The quarterbacks who the recruiters watch from the bleachers every weekend might win a lucrative contract.,"Wagers, Lau & Phillips (2009), Exp. 3",The quarterback(s) who the recruiter(s) watch(es) from the bleachers every weekend might win a lucrative contract.
15,ORC,g,plural,singular,ungrammatical,recruiters,quarterback,The quarterback who the recruiters,watches,watch,watches,The quarterback who the recruiters watches from the bleachers every weekend might win a lucrative contract.,"Wagers, Lau & Phillips (2009), Exp. 3",The quarterback(s) who the recruiter(s) watch(es) from the bleachers every weekend might win a lucrative contract.
15,ORC,h,plural,plural,ungrammatical,recruiters,quarterbacks,The quarterbacks who the recruiters,watches,watch,watches,The quarterbacks who the recruiters watches from the bleachers every weekend might win a lucrative contract.,"Wagers, Lau & Phillips (2009), Exp. 3",The quarterback(s) who the recruiter(s) watch(es) from the bleachers every weekend might win a lucrative contract.
16,ORC,a,singular,singular,grammatical,politician,publicist,The publicist who the politician,uses,uses,use,The publicist who the politician uses during a crisis is expected to do damage control.,"Wagers, Lau & Phillips (2009), Exp. 3",The publicist(s) who the politician(s) use(s) during a crisis is/are expected to do damage control.
16,ORC,b,singular,plural,grammatical,politician,publicists,The publicists who the politician,uses,uses,use,The publicists who the politician uses during a crisis are expected to do damage control.,"Wagers, Lau & Phillips (2009), Exp. 3",The publicist(s) who the politician(s) use(s) during a crisis is/are expected to do damage control.
16,ORC,c,singular,singular,ungrammatical,politician,publicist,The publicist who the politician,use,uses,use,The publicist who the politician use during a crisis is expected to do damage control.,"Wagers, Lau & Phillips (2009), Exp. 3",The publicist(s) who the politician(s) use(s) during a crisis is/are expected to do damage control.
16,ORC,d,singular,plural,ungrammatical,politician,publicists,The publicists who the politician,use,uses,use,The publicists who the politician use during a crisis are expected to do damage control.,"Wagers, Lau & Phillips (2009), Exp. 3",The publicist(s) who the politician(s) use(s) during a crisis is/are expected to do damage control.
16,ORC,e,plural,singular,grammatical,politicians,publicist,The publicist who the politicians,use,use,uses,The publicist who the politicians use during a crisis is expected to do damage control.,"Wagers, Lau & Phillips (2009), Exp. 3",The publicist(s) who the politician(s) use(s) during a crisis is/are expected to do damage control.
16,ORC,f,plural,plural,grammatical,politicians,publicists,The publicists who the politicians,use,use,uses,The publicists who the politicians use during a crisis are expected to do damage control.,"Wagers, Lau & Phillips (2009), Exp. 3",The publicist(s) who the politician(s) use(s) during a crisis is/are expected to do damage control.
16,ORC,g,plural,singular,ungrammatical,politicians,publicist,The publicist who the politicians,uses,use,uses,The publicist who the politicians uses during a crisis is expected to do damage control.,"Wagers, Lau & Phillips (2009), Exp. 3",The publicist(s) who the politician(s) use(s) during a crisis is/are expected to do damage control.
16,ORC,h,plural,plural,ungrammatical,politicians,publicists,The publicists who the politicians,uses,use,uses,The publicists who the politicians uses during a crisis are expected to do damage control.,"Wagers, Lau & Phillips (2009), Exp. 3",The publicist(s) who the politician(s) use(s) during a crisis is/are expected to do damage control.
17,ORC,a,singular,singular,grammatical,landlord,tenant,The tenant who the landlord strongly,disapproves,disapproves,disapprove,The tenant who the landlord strongly disapproves of stays out late on weekends and never mows his lawn.,"Wagers, Lau & Phillips (2009), Exp. 3",The tenant(s) who the landlord(s) strongly disapprove(s) of stay(s) out late on weekends and never mow(s) his/their lawn.
17,ORC,b,singular,plural,grammatical,landlord,tenants,The tenants who the landlord strongly,disapproves,disapproves,disapprove,The tenants who the landlord strongly disapproves of stay out late on weekends and never mow their lawn.,"Wagers, Lau & Phillips (2009), Exp. 3",The tenant(s) who the landlord(s) strongly disapprove(s) of stay(s) out late on weekends and never mow(s) his/their lawn.
17,ORC,c,singular,singular,ungrammatical,landlord,tenant,The tenant who the landlord strongly,disapprove,disapproves,disapprove,The tenant who the landlord strongly disapprove of stays out late on weekends and never mows his lawn.,"Wagers, Lau & Phillips (2009), Exp. 3",The tenant(s) who the landlord(s) strongly disapprove(s) of stay(s) out late on weekends and never mow(s) his/their lawn.
17,ORC,d,singular,plural,ungrammatical,landlord,tenants,The tenants who the landlord strongly,disapprove,disapproves,disapprove,The tenants who the landlord strongly disapprove of stay out late on weekends and never mow their lawn.,"Wagers, Lau & Phillips (2009), Exp. 3",The tenant(s) who the landlord(s) strongly disapprove(s) of stay(s) out late on weekends and never mow(s) his/their lawn.
17,ORC,e,plural,singular,grammatical,landlords,tenant,The tenant who the landlords strongly,disapprove,disapprove,disapproves,The tenant who the landlords strongly disapprove of stays out late on weekends and never mows his lawn.,"Wagers, Lau & Phillips (2009), Exp. 3",The tenant(s) who the landlord(s) strongly disapprove(s) of stay(s) out late on weekends and never mow(s) his/their lawn.
17,ORC,f,plural,plural,grammatical,landlords,tenants,The tenants who the landlords strongly,disapprove,disapprove,disapproves,The tenants who the landlords strongly disapprove of stay out late on weekends and never mow their lawn.,"Wagers, Lau & Phillips (2009), Exp. 3",The tenant(s) who the landlord(s) strongly disapprove(s) of stay(s) out late on weekends and never mow(s) his/their lawn.
17,ORC,g,plural,singular,ungrammatical,landlords,tenant,The tenant who the landlords strongly,disapproves,disapprove,disapproves,The tenant who the landlords strongly disapproves of stays out late on weekends and never mows his lawn.,"Wagers, Lau & Phillips (2009), Exp. 3",The tenant(s) who the landlord(s) strongly disapprove(s) of stay(s) out late on weekends and never mow(s) his/their lawn.
17,ORC,h,plural,plural,ungrammatical,landlords,tenants,The tenants who the landlords strongly,disapproves,disapprove,disapproves,The tenants who the landlords strongly disapproves of stay out late on weekends and never mow their lawn.,"Wagers, Lau & Phillips (2009), Exp. 3",The tenant(s) who the landlord(s) strongly disapprove(s) of stay(s) out late on weekends and never mow(s) his/their lawn.
18,ORC,a,singular,singular,grammatical,kid,skateboarder,The skateboarder who the kid,admires,admires,admire,The skateboarder who the kid admires passionately always signs autographs for fans.,"Wagers, Lau & Phillips (2009), Exp. 3",The skateboarder(s) who the kid(s) admire(s) passionately always sign(s) autographs for fans.
18,ORC,b,singular,plural,grammatical,kid,skateboarders,The skateboarders who the kid,admires,admires,admire,The skateboarders who the kid admires passionately always sign autographs for fans.,"Wagers, Lau & Phillips (2009), Exp. 3",The skateboarder(s) who the kid(s) admire(s) passionately always sign(s) autographs for fans.
18,ORC,c,singular,singular,ungrammatical,kid,skateboarder,The skateboarder who the kid,admire,admires,admire,The skateboarder who the kid admire passionately always signs autographs for fans.,"Wagers, Lau & Phillips (2009), Exp. 3",The skateboarder(s) who the kid(s) admire(s) passionately always sign(s) autographs for fans.
18,ORC,d,singular,plural,ungrammatical,kid,skateboarders,The skateboarders who the kid,admire,admires,admire,The skateboarders who the kid admire passionately always sign autographs for fans.,"Wagers, Lau & Phillips (2009), Exp. 3",The skateboarder(s) who the kid(s) admire(s) passionately always sign(s) autographs for fans.
18,ORC,e,plural,singular,grammatical,kids,skateboarder,The skateboarder who the kids,admire,admire,admires,The skateboarder who the kids admire passionately always signs autographs for fans.,"Wagers, Lau & Phillips (2009), Exp. 3",The skateboarder(s) who the kid(s) admire(s) passionately always sign(s) autographs for fans.
18,ORC,f,plural,plural,grammatical,kids,skateboarders,The skateboarders who the kids,admire,admire,admires,The skateboarders who the kids admire passionately always sign autographs for fans.,"Wagers, Lau & Phillips (2009), Exp. 3",The skateboarder(s) who the kid(s) admire(s) passionately always sign(s) autographs for fans.
18,ORC,g,plural,singular,ungrammatical,kids,skateboarder,The skateboarder who the kids,admires,admire,admires,The skateboarder who the kids admires passionately always signs autographs for fans.,"Wagers, Lau & Phillips (2009), Exp. 3",The skateboarder(s) who the kid(s) admire(s) passionately always sign(s) autographs for fans.
18,ORC,h,plural,plural,ungrammatical,kids,skateboarders,The skateboarders who the kids,admires,admire,admires,The skateboarders who the kids admires passionately always sign autographs for fans.,"Wagers, Lau & Phillips (2009), Exp. 3",The skateboarder(s) who the kid(s) admire(s) passionately always sign(s) autographs for fans.
19,ORC,a,singular,singular,grammatical,gourmet,chef,The chef who the gourmet,visits,visits,visit,The chef who the gourmet visits regularly always comes up with daring new recipes.,"Wagers, Lau & Phillips (2009), Exp. 3",The chef(s) who the gourmet(s) visit(s) regularly always come(s) up with daring new recipes.
19,ORC,b,singular,plural,grammatical,gourmet,chefs,The chefs who the gourmet,visits,visits,visit,The chefs who the gourmet visits regularly always come up with daring new recipes.,"Wagers, Lau & Phillips (2009), Exp. 3",The chef(s) who the gourmet(s) visit(s) regularly always come(s) up with daring new recipes.
19,ORC,c,singular,singular,ungrammatical,gourmet,chef,The chef who the gourmet,visit,visits,visit,The chef who the gourmet visit regularly always comes up with daring new recipes.,"Wagers, Lau & Phillips (2009), Exp. 3",The chef(s) who the gourmet(s) visit(s) regularly always come(s) up with daring new recipes.
19,ORC,d,singular,plural,ungrammatical,gourmet,chefs,The chefs who the gourmet,visit,visits,visit,The chefs who the gourmet visit regularly always come up with daring new recipes.,"Wagers, Lau & Phillips (2009), Exp. 3",The chef(s) who the gourmet(s) visit(s) regularly always come(s) up with daring new recipes.
19,ORC,e,plural,singular,grammatical,gourmets,chef,The chef who the gourmets,visit,visit,visits,The chef who the gourmets visit regularly always comes up with daring new recipes.,"Wagers, Lau & Phillips (2009), Exp. 3",The chef(s) who the gourmet(s) visit(s) regularly always come(s) up with daring new recipes.
19,ORC,f,plural,plural,grammatical,gourmets,chefs,The chefs who the gourmets,visit,visit,visits,The chefs who the gourmets visit regularly always come up with daring new recipes.,"Wagers, Lau & Phillips (2009), Exp. 3",The chef(s) who the gourmet(s) visit(s) regularly always come(s) up with daring new recipes.
19,ORC,g,plural,singular,ungrammatical,gourmets,chef,The chef who the gourmets,visits,visit,visits,The chef who the gourmets visits regularly always comes up with daring new recipes.,"Wagers, Lau & Phillips (2009), Exp. 3",The chef(s) who the gourmet(s) visit(s) regularly always come(s) up with daring new recipes.
19,ORC,h,plural,plural,ungrammatical,gourmets,chefs,The chefs who the gourmets,visits,visit,visits,The chefs who the gourmets visits regularly always come up with daring new recipes.,"Wagers, Lau & Phillips (2009), Exp. 3",The chef(s) who the gourmet(s) visit(s) regularly always come(s) up with daring new recipes.
20,ORC,a,singular,singular,grammatical,ranger,firefighter,The firefighter who the ranger,keeps,keeps,keep,The firefighter who the ranger keeps on hand during the summer months has special training in forest fires.,"Wagers, Lau & Phillips (2009), Exp. 3",The firefighter(s) who the ranger(s) keep(s) on hand during the summer months has/have special training in forest fires.
20,ORC,b,singular,plural,grammatical,ranger,firefighters,The firefighters who the ranger,keeps,keeps,keep,The firefighters who the ranger keeps on hand during the summer months have special training in forest fires.,"Wagers, Lau & Phillips (2009), Exp. 3",The firefighter(s) who the ranger(s) keep(s) on hand during the summer months has/have special training in forest fires.
20,ORC,c,singular,singular,ungrammatical,ranger,firefighter,The firefighter who the ranger,keep,keeps,keep,The firefighter who the ranger keep on hand during the summer months has special training in forest fires.,"Wagers, Lau & Phillips (2009), Exp. 3",The firefighter(s) who the ranger(s) keep(s) on hand during the summer months has/have special training in forest fires.
20,ORC,d,singular,plural,ungrammatical,ranger,firefighters,The firefighters who the ranger,keep,keeps,keep,The firefighters who the ranger keep on hand during the summer months have special training in forest fires.,"Wagers, Lau & Phillips (2009), Exp. 3",The firefighter(s) who the ranger(s) keep(s) on hand during the summer months has/have special training in forest fires.
20,ORC,e,plural,singular,grammatical,rangers,firefighter,The firefighter who the rangers,keep,keep,keeps,The firefighter who the rangers keep on hand during the summer months has special training in forest fires.,"Wagers, Lau & Phillips (2009), Exp. 3",The firefighter(s) who the ranger(s) keep(s) on hand during the summer months has/have special training in forest fires.
20,ORC,f,plural,plural,grammatical,rangers,firefighters,The firefighters who the rangers,keep,keep,keeps,The firefighters who the rangers keep on hand during the summer months have special training in forest fires.,"Wagers, Lau & Phillips (2009), Exp. 3",The firefighter(s) who the ranger(s) keep(s) on hand during the summer months has/have special training in forest fires.
20,ORC,g,plural,singular,ungrammatical,rangers,firefighter,The firefighter who the rangers,keeps,keep,keeps,The firefighter who the rangers keeps on hand during the summer months has special training in forest fires.,"Wagers, Lau & Phillips (2009), Exp. 3",The firefighter(s) who the ranger(s) keep(s) on hand during the summer months has/have special training in forest fires.
20,ORC,h,plural,plural,ungrammatical,rangers,firefighters,The firefighters who the rangers,keeps,keep,keeps,The firefighters who the rangers keeps on hand during the summer months have special training in forest fires.,"Wagers, Lau & Phillips (2009), Exp. 3",The firefighter(s) who the ranger(s) keep(s) on hand during the summer months has/have special training in forest fires.
21,ORC,a,singular,singular,grammatical,worker,overseer,The overseer who the worker,distrusts,distrusts,distrust,The overseer who the worker distrusts the most has been firing anyone who mentions unions.,"Wagers, Lau & Phillips (2009), Exp. 3",The overseer(s) who the worker(s) distrust(s) the most has/have been firing anyone who mentions unions.
21,ORC,b,singular,plural,grammatical,worker,overseers,The overseers who the worker,distrusts,distrusts,distrust,The overseers who the worker distrusts the most have been firing anyone who mentions unions.,"Wagers, Lau & Phillips (2009), Exp. 3",The overseer(s) who the worker(s) distrust(s) the most has/have been firing anyone who mentions unions.
21,ORC,c,singular,singular,ungrammatical,worker,overseer,The overseer who the worker,distrust,distrusts,distrust,The overseer who the worker distrust the most has been firing anyone who mentions unions.,"Wagers, Lau & Phillips (2009), Exp. 3",The overseer(s) who the worker(s) distrust(s) the most has/have been firing anyone who mentions unions.
21,ORC,d,singular,plural,ungrammatical,worker,overseers,The overseers who the worker,distrust,distrusts,distrust,The overseers who the worker distrust the most have been firing anyone who mentions unions.,"Wagers, Lau & Phillips (2009), Exp. 3",The overseer(s) who the worker(s) distrust(s) the most has/have been firing anyone who mentions unions.
21,ORC,e,plural,singular,grammatical,workers,overseer,The overseer who the workers,distrust,distrust,distrusts,The overseer who the workers distrust the most has been firing anyone who mentions unions.,"Wagers, Lau & Phillips (2009), Exp. 3",The overseer(s) who the worker(s) distrust(s) the most has/have been firing anyone who mentions unions.
21,ORC,f,plural,plural,grammatical,workers,overseers,The overseers who the workers,distrust,distrust,distrusts,The overseers who the workers distrust the most have been firing anyone who mentions unions.,"Wagers, Lau & Phillips (2009), Exp. 3",The overseer(s) who the worker(s) distrust(s) the most has/have been firing anyone who mentions unions.
21,ORC,g,plural,singular,ungrammatical,workers,overseer,The overseer who the workers,distrusts,distrust,distrusts,The overseer who the workers distrusts the most has been firing anyone who mentions unions.,"Wagers, Lau & Phillips (2009), Exp. 3",The overseer(s) who the worker(s) distrust(s) the most has/have been firing anyone who mentions unions.
21,ORC,h,plural,plural,ungrammatical,workers,overseers,The overseers who the workers,distrusts,distrust,distrusts,The overseers who the workers distrusts the most have been firing anyone who mentions unions.,"Wagers, Lau & Phillips (2009), Exp. 3",The overseer(s) who the worker(s) distrust(s) the most has/have been firing anyone who mentions unions.
22,ORC,a,singular,singular,grammatical,bachelor,heiress,The heiress who the bachelor,pursues,pursues,pursue,The heiress who the bachelor pursues so relentlessly is clever and won't be easily fooled.,"Wagers, Lau & Phillips (2009), Exp. 3",The heiress(es) who the bachelor(s) pursue(s) so relentlessly is/are clever and won't be easily fooled.
22,ORC,b,singular,plural,grammatical,bachelor,heiresses,The heiresses who the bachelor,pursues,pursues,pursue,The heiresses who the bachelor pursues so relentlessly are clever and won't be easily fooled.,"Wagers, Lau & Phillips (2009), Exp. 3",The heiress(es) who the bachelor(s) pursue(s) so relentlessly is/are clever and won't be easily fooled.
22,ORC,c,singular,singular,ungrammatical,bachelor,heiress,The heiress who the bachelor,pursue,pursues,pursue,The heiress who the bachelor pursue so relentlessly is clever and won't be easily fooled.,"Wagers, Lau & Phillips (2009), Exp. 3",The heiress(es) who the bachelor(s) pursue(s) so relentlessly is/are clever and won't be easily fooled.
22,ORC,d,singular,plural,ungrammatical,bachelor,heiresses,The heiresses who the bachelor,pursue,pursues,pursue,The heiresses who the bachelor pursue so relentlessly are clever and won't be easily fooled.,"Wagers, Lau & Phillips (2009), Exp. 3",The heiress(es) who the bachelor(s) pursue(s) so relentlessly is/are clever and won't be easily fooled.
22,ORC,e,plural,singular,grammatical,bachelors,heiress,The heiress who the bachelors,pursue,pursue,pursues,The heiress who the bachelors pursue so relentlessly is clever and won't be easily fooled.,"Wagers, Lau & Phillips (2009), Exp. 3",The heiress(es) who the bachelor(s) pursue(s) so relentlessly is/are clever and won't be easily fooled.
22,ORC,f,plural,plural,grammatical,bachelors,heiresses,The heiresses who the bachelors,pursue,pursue,pursues,The heiresses who the bachelors pursue so relentlessly are clever and won't be easily fooled.,"Wagers, Lau & Phillips (2009), Exp. 3",The heiress(es) who the bachelor(s) pursue(s) so relentlessly is/are clever and won't be easily fooled.
22,ORC,g,plural,singular,ungrammatical,bachelors,heiress,The heiress who the bachelors,pursues,pursue,pursues,The heiress who the bachelors pursues so relentlessly is clever and won't be easily fooled.,"Wagers, Lau & Phillips (2009), Exp. 3",The heiress(es) who the bachelor(s) pursue(s) so relentlessly is/are clever and won't be easily fooled.
22,ORC,h,plural,plural,ungrammatical,bachelors,heiresses,The heiresses who the bachelors,pursues,pursue,pursues,The heiresses who the bachelors pursues so relentlessly are clever and won't be easily fooled.,"Wagers, Lau & Phillips (2009), Exp. 3",The heiress(es) who the bachelor(s) pursue(s) so relentlessly is/are clever and won't be easily fooled.
23,ORC,a,singular,singular,grammatical,producer,actor,The actor who the producer,considers,considers,consider,The actor who the producer considers the safest bet is the one who has been around for a while.,"Wagers, Lau & Phillips (2009), Exp. 3",The actor(s) who the producer(s) consider(s) the safest bet is/are the one who has/have been around for a while.
23,ORC,b,singular,plural,grammatical,producer,actors,The actors who the producer,considers,considers,consider,The actors who the producer considers the safest bet are the ones who have been around for a while.,"Wagers, Lau & Phillips (2009), Exp. 3",The actor(s) who the producer(s) consider(s) the safest bet is/are the one who has/have been around for a while.
23,ORC,c,singular,singular,ungrammatical,producer,actor,The actor who the producer,consider,considers,consider,The actor who the producer consider the safest bet is the one who has been around for a while.,"Wagers, Lau & Phillips (2009), Exp. 3",The actor(s) who the producer(s) consider(s) the safest bet is/are the one who has/have been around for a while.
23,ORC,d,singular,plural,ungrammatical,producer,actors,The actors who the producer,consider,considers,consider,The actors who the producer consider the safest bet are the ones who have been around for a while.,"Wagers, Lau & Phillips (2009), Exp. 3",The actor(s) who the producer(s) consider(s) the safest bet is/are the one who has/have been around for a while.
23,ORC,e,plural,singular,grammatical,producers,actor,The actor who the producers,consider,consider,considers,The actor who the producers consider the safest bet is the one who has been around for a while.,"Wagers, Lau & Phillips (2009), Exp. 3",The actor(s) who the producer(s) consider(s) the safest bet is/are the one who has/have been around for a while.
23,ORC,f,plural,plural,grammatical,producers,actors,The actors who the producers,consider,consider,considers,The actors who the producers consider the safest bet are the ones who have been around for a while.,"Wagers, Lau & Phillips (2009), Exp. 3",The actor(s) who the producer(s) consider(s) the safest bet is/are the one who has/have been around for a while.
23,ORC,g,plural,singular,ungrammatical,producers,actor,The actor who the producers,considers,consider,considers,The actor who the producers considers the safest bet is the one who has been around for a while.,"Wagers, Lau & Phillips (2009), Exp. 3",The actor(s) who the producer(s) consider(s) the safest bet is/are the one who has/have been around for a while.
23,ORC,h,plural,plural,ungrammatical,producers,actors,The actors who the producers,considers,consider,considers,The actors who the producers considers the safest bet are the ones who have been around for a while.,"Wagers, Lau & Phillips (2009), Exp. 3",The actor(s) who the producer(s) consider(s) the safest bet is/are the one who has/have been around for a while.
24,ORC,a,singular,singular,grammatical,administrator,accountant,The accountant who the administrator,depends,depends,depend,The accountant who the administrator depends on to balance the books is very well paid.,"Wagers, Lau & Phillips (2009), Exp. 3",The accountant(s) who the administrator(s) depend(s) on to balance the books is/are very well paid.
24,ORC,b,singular,plural,grammatical,administrator,accountants,The accountants who the administrator,depends,depends,depend,The accountants who the administrator depends on to balance the books are very well paid.,"Wagers, Lau & Phillips (2009), Exp. 3",The accountant(s) who the administrator(s) depend(s) on to balance the books is/are very well paid.
24,ORC,c,singular,singular,ungrammatical,administrator,accountant,The accountant who the administrator,depend,depends,depend,The accountant who the administrator depend on to balance the books is very well paid.,"Wagers, Lau & Phillips (2009), Exp. 3",The accountant(s) who the administrator(s) depend(s) on to balance the books is/are very well paid.
24,ORC,d,singular,plural,ungrammatical,administrator,accountants,The accountants who the administrator,depend,depends,depend,The accountants who the administrator depend on to balance the books are very well paid.,"Wagers, Lau & Phillips (2009), Exp. 3",The accountant(s) who the administrator(s) depend(s) on to balance the books is/are very well paid.
24,ORC,e,plural,singular,grammatical,administrators,accountant,The accountant who the administrators,depend,depend,depends,The accountant who the administrators depend on to balance the books is very well paid.,"Wagers, Lau & Phillips (2009), Exp. 3",The accountant(s) who the administrator(s) depend(s) on to balance the books is/are very well paid.
24,ORC,f,plural,plural,grammatical,administrators,accountants,The accountants who the administrators,depend,depend,depends,The accountants who the administrators depend on to balance the books are very well paid.,"Wagers, Lau & Phillips (2009), Exp. 3",The accountant(s) who the administrator(s) depend(s) on to balance the books is/are very well paid.
24,ORC,g,plural,singular,ungrammatical,administrators,accountant,The accountant who the administrators,depends,depend,depends,The accountant who the administrators depends on to balance the books is very well paid.,"Wagers, Lau & Phillips (2009), Exp. 3",The accountant(s) who the administrator(s) depend(s) on to balance the books is/are very well paid.
24,ORC,h,plural,plural,ungrammatical,administrators,accountants,The accountants who the administrators,depends,depend,depends,The accountants who the administrators depends on to balance the books are very well paid.,"Wagers, Lau & Phillips (2009), Exp. 3",The accountant(s) who the administrator(s) depend(s) on to balance the books is/are very well paid.
25,ORC,a,singular,singular,grammatical,nun,orphan,The orphan who the nun,tutors,tutors,tutor,The orphan who the nun tutors in algebra lost his parents in the ongoing civil war.,"Wagers, Lau & Phillips (2009), Exp. 3",The orphan(s) who the nun(s) tutor(s) in algebra lost his/their parents in the ongoing civil war.
25,ORC,b,singular,plural,grammatical,nun,orphans,The orphans who the nun,tutors,tutors,tutor,The orphans who the nun tutors in algebra lost their parents in the ongoing civil war.,"Wagers, Lau & Phillips (2009), Exp. 3",The orphan(s) who the nun(s) tutor(s) in algebra lost his/their parents in the ongoing civil war.
25,ORC,c,singular,singular,ungrammatical,nun,orphan,The orphan who the nun,tutor,tutors,tutor,The orphan who the nun tutor in algebra lost his parents in the ongoing civil war.,"Wagers, Lau & Phillips (2009), Exp. 3",The orphan(s) who the nun(s) tutor(s) in algebra lost his/their parents in the ongoing civil war.
25,ORC,d,singular,plural,ungrammatical,nun,orphans,The orphans who the nun,tutor,tutors,tutor,The orphans who the nun tutor in algebra lost their parents in the ongoing civil war.,"Wagers, Lau & Phillips (2009), Exp. 3",The orphan(s) who the nun(s) tutor(s) in algebra lost his/their parents in the ongoing civil war.
25,ORC,e,plural,singular,grammatical,nuns,orphan,The orphan who the nuns,tutor,tutor,tutors,The orphan who the nuns tutor in algebra lost his parents in the ongoing civil war.,"Wagers, Lau & Phillips (2009), Exp. 3",The orphan(s) who the nun(s) tutor(s) in algebra lost his/their parents in the ongoing civil war.
25,ORC,f,plural,plural,grammatical,nuns,orphans,The orphans who the nuns,tutor,tutor,tutors,The orphans who the nuns tutor in algebra lost their parents in the ongoing civil war.,"Wagers, Lau & Phillips (2009), Exp. 3",The orphan(s) who the nun(s) tutor(s) in algebra lost his/their parents in the ongoing civil war.
25,ORC,g,plural,singular,ungrammatical,nuns,orphan,The orphan who the nuns,tutors,tutor,tutors,The orphan who the nuns tutors in algebra lost his parents in the ongoing civil war.,"Wagers, Lau & Phillips (2009), Exp. 3",The orphan(s) who the nun(s) tutor(s) in algebra lost his/their parents in the ongoing civil war.
25,ORC,h,plural,plural,ungrammatical,nuns,orphans,The orphans who the nuns,tutors,tutor,tutors,The orphans who the nuns tutors in algebra lost their parents in the ongoing civil war.,"Wagers, Lau & Phillips (2009), Exp. 3",The orphan(s) who the nun(s) tutor(s) in algebra lost his/their parents in the ongoing civil war.
26,ORC,a,singular,singular,grammatical,diplomat,translator,The translator who the diplomat,needs,needs,need,The translator who the diplomat needs for communication was trying furiously to facilitate peace talks.,"Wagers, Lau & Phillips (2009), Exp. 3",The translator(s) who the diplomat(s) need(s) for communication was/were trying furiously to facilitate peace talks.
26,ORC,b,singular,plural,grammatical,diplomat,translators,The translators who the diplomat,needs,needs,need,The translators who the diplomat needs for communication were trying furiously to facilitate peace talks.,"Wagers, Lau & Phillips (2009), Exp. 3",The translator(s) who the diplomat(s) need(s) for communication was/were trying furiously to facilitate peace talks.
26,ORC,c,singular,singular,ungrammatical,diplomat,translator,The translator who the diplomat,need,needs,need,The translator who the diplomat need for communication was trying furiously to facilitate peace talks.,"Wagers, Lau & Phillips (2009), Exp. 3",The translator(s) who the diplomat(s) need(s) for communication was/were trying furiously to facilitate peace talks.
26,ORC,d,singular,plural,ungrammatical,diplomat,translators,The translators who the diplomat,need,needs,need,The translators who the diplomat need for communication were trying furiously to facilitate peace talks.,"Wagers, Lau & Phillips (2009), Exp. 3",The translator(s) who the diplomat(s) need(s) for communication was/were trying furiously to facilitate peace talks.
26,ORC,e,plural,singular,grammatical,diplomats,translator,The translator who the diplomats,need,need,needs,The translator who the diplomats need for communication was trying furiously to facilitate peace talks.,"Wagers, Lau & Phillips (2009), Exp. 3",The translator(s) who the diplomat(s) need(s) for communication was/were trying furiously to facilitate peace talks.
26,ORC,f,plural,plural,grammatical,diplomats,translators,The translators who the diplomats,need,need,needs,The translators who the diplomats need for communication were trying furiously to facilitate peace talks.,"Wagers, Lau & Phillips (2009), Exp. 3",The translator(s) who the diplomat(s) need(s) for communication was/were trying furiously to facilitate peace talks.
26,ORC,g,plural,singular,ungrammatical,diplomats,translator,The translator who the diplomats,needs,need,needs,The translator who the diplomats needs for communication was trying furiously to facilitate peace talks.,"Wagers, Lau & Phillips (2009), Exp. 3",The translator(s) who the diplomat(s) need(s) for communication was/were trying furiously to facilitate peace talks.
26,ORC,h,plural,plural,ungrammatical,diplomats,translators,The translators who the diplomats,needs,need,needs,The translators who the diplomats needs for communication were trying furiously to facilitate peace talks.,"Wagers, Lau & Phillips (2009), Exp. 3",The translator(s) who the diplomat(s) need(s) for communication was/were trying furiously to facilitate peace talks.
27,ORC,a,singular,singular,grammatical,host,dancer,The dancer who the host,applauds,applauds,applaud,The dancer who the host applauds so frequently has been performing since she was a young girl in Ecuador.,"Wagers, Lau & Phillips (2009), Exp. 3",The dancer(s) who the host(s) applaud(s) so frequently has/have been performing since she/they was/were (a) young girl(s) in Ecuador.
27,ORC,b,singular,plural,grammatical,host,dancers,The dancers who the host,applauds,applauds,applaud,The dancers who the host applauds so frequently have been performing since they were young girls in Ecuador.,"Wagers, Lau & Phillips (2009), Exp. 3",The dancer(s) who the host(s) applaud(s) so frequently has/have been performing since she/they was/were (a) young girl(s) in Ecuador.
27,ORC,c,singular,singular,ungrammatical,host,dancer,The dancer who the host,applaud,applauds,applaud,The dancer who the host applaud so frequently has been performing since she was a young girl in Ecuador.,"Wagers, Lau & Phillips (2009), Exp. 3",The dancer(s) who the host(s) applaud(s) so frequently has/have been performing since she/they was/were (a) young girl(s) in Ecuador.
27,ORC,d,singular,plural,ungrammatical,host,dancers,The dancers who the host,applaud,applauds,applaud,The dancers who the host applaud so frequently have been performing since they were young girls in Ecuador.,"Wagers, Lau & Phillips (2009), Exp. 3",The dancer(s) who the host(s) applaud(s) so frequently has/have been performing since she/they was/were (a) young girl(s) in Ecuador.
27,ORC,e,plural,singular,grammatical,hosts,dancer,The dancer who the hosts,applaud,applaud,applauds,The dancer who the hosts applaud so frequently has been performing since she was a young girl in Ecuador.,"Wagers, Lau & Phillips (2009), Exp. 3",The dancer(s) who the host(s) applaud(s) so frequently has/have been performing since she/they was/were (a) young girl(s) in Ecuador.
27,ORC,f,plural,plural,grammatical,hosts,dancers,The dancers who the hosts,applaud,applaud,applauds,The dancers who the hosts applaud so frequently have been performing since they were young girls in Ecuador.,"Wagers, Lau & Phillips (2009), Exp. 3",The dancer(s) who the host(s) applaud(s) so frequently has/have been performing since she/they was/were (a) young girl(s) in Ecuador.
27,ORC,g,plural,singular,ungrammatical,hosts,dancer,The dancer who the hosts,applauds,applaud,applauds,The dancer who the hosts applauds so frequently has been performing since she was a young girl in Ecuador.,"Wagers, Lau & Phillips (2009), Exp. 3",The dancer(s) who the host(s) applaud(s) so frequently has/have been performing since she/they was/were (a) young girl(s) in Ecuador.
27,ORC,h,plural,plural,ungrammatical,hosts,dancers,The dancers who the hosts,applauds,applaud,applauds,The dancers who the hosts applauds so frequently have been performing since they were young girls in Ecuador.,"Wagers, Lau & Phillips (2009), Exp. 3",The dancer(s) who the host(s) applaud(s) so frequently has/have been performing since she/they was/were (a) young girl(s) in Ecuador.
28,ORC,a,singular,singular,grammatical,counselor,supervisor,The supervisor who the counselor,reports,reports,report,The supervisor who the counselor reports to directly is supposed to provide advice and support.,"Wagers, Lau & Phillips (2009), Exp. 3",The supervisor(s) who the counselor(s) report(s) to directly is/are supposed to provide advice and support.
28,ORC,b,singular,plural,grammatical,counselor,supervisors,The supervisors who the counselor,reports,reports,report,The supervisors who the counselor reports to directly are supposed to provide advice and support.,"Wagers, Lau & Phillips (2009), Exp. 3",The supervisor(s) who the counselor(s) report(s) to directly is/are supposed to provide advice and support.
28,ORC,c,singular,singular,ungrammatical,counselor,supervisor,The supervisor who the counselor,report,reports,report,The supervisor who the counselor report to directly is supposed to provide advice and support.,"Wagers, Lau & Phillips (2009), Exp. 3",The supervisor(s) who the counselor(s) report(s) to directly is/are supposed to provide advice and support.
28,ORC,d,singular,plural,ungrammatical,counselor,supervisors,The supervisors who the counselor,report,reports,report,The supervisors who the counselor report to directly are supposed to provide advice and support.,"Wagers, Lau & Phillips (2009), Exp. 3",The supervisor(s) who the counselor(s) report(s) to directly is/are supposed to provide advice and support.
28,ORC,e,plural,singular,grammatical,counselors,supervisor,The supervisor who the counselors,report,report,reports,The supervisor who the counselors report to directly is supposed to provide advice and support.,"Wagers, Lau & Phillips (2009), Exp. 3",The supervisor(s) who the counselor(s) report(s) to directly is/are supposed to provide advice and support.
28,ORC,f,plural,plural,grammatical,counselors,supervisors,The supervisors who the counselors,report,report,reports,The supervisors who the counselors report to directly are supposed to provide advice and support.,"Wagers, Lau & Phillips (2009), Exp. 3",The supervisor(s) who the counselor(s) report(s) to directly is/are supposed to provide advice and support.
28,ORC,g,plural,singular,ungrammatical,counselors,supervisor,The supervisor who the counselors,reports,report,reports,The supervisor who the counselors reports to directly is supposed to provide advice and support.,"Wagers, Lau & Phillips (2009), Exp. 3",The supervisor(s) who the counselor(s) report(s) to directly is/are supposed to provide advice and support.
28,ORC,h,plural,plural,ungrammatical,counselors,supervisors,The supervisors who the counselors,reports,report,reports,The supervisors who the counselors reports to directly are supposed to provide advice and support.,"Wagers, Lau & Phillips (2009), Exp. 3",The supervisor(s) who the counselor(s) report(s) to directly is/are supposed to provide advice and support.
29,ORC,a,singular,singular,grammatical,viewer,commentator,The commentator who the viewer,trusts,trusts,trust,The commentator who the viewer trusts the most has a very slick hairstyle.,"Wagers, Lau & Phillips (2009), Exp. 3",The commentator(s) who the viewer(s) trust(s) the most has/have a very slick hairstyle.
29,ORC,b,singular,plural,grammatical,viewer,commentators,The commentators who the viewer,trusts,trusts,trust,The commentators who the viewer trusts the most have a very slick hairstyle.,"Wagers, Lau & Phillips (2009), Exp. 3",The commentator(s) who the viewer(s) trust(s) the most has/have a very slick hairstyle.
29,ORC,c,singular,singular,ungrammatical,viewer,commentator,The commentator who the viewer,trust,trusts,trust,The commentator who the viewer trust the most has a very slick hairstyle.,"Wagers, Lau & Phillips (2009), Exp. 3",The commentator(s) who the viewer(s) trust(s) the most has/have a very slick hairstyle.
29,ORC,d,singular,plural,ungrammatical,viewer,commentators,The commentators who the viewer,trust,trusts,trust,The commentators who the viewer trust the most have a very slick hairstyle.,"Wagers, Lau & Phillips (2009), Exp. 3",The commentator(s) who the viewer(s) trust(s) the most has/have a very slick hairstyle.
29,ORC,e,plural,singular,grammatical,viewers,commentator,The commentator who the viewers,trust,trust,trusts,The commentator who the viewers trust the most has a very slick hairstyle.,"Wagers, Lau & Phillips (2009), Exp. 3",The commentator(s) who the viewer(s) trust(s) the most has/have a very slick hairstyle.
29,ORC,f,plural,plural,grammatical,viewers,commentators,The commentators who the viewers,trust,trust,trusts,The commentators who the viewers trust the most have a very slick hairstyle.,"Wagers, Lau & Phillips (2009), Exp. 3",The commentator(s) who the viewer(s) trust(s) the most has/have a very slick hairstyle.
29,ORC,g,plural,singular,ungrammatical,viewers,commentator,The commentator who the viewers,trusts,trust,trusts,The commentator who the viewers trusts the most has a very slick hairstyle.,"Wagers, Lau & Phillips (2009), Exp. 3",The commentator(s) who the viewer(s) trust(s) the most has/have a very slick hairstyle.
29,ORC,h,plural,plural,ungrammatical,viewers,commentators,The commentators who the viewers,trusts,trust,trusts,The commentators who the viewers trusts the most have a very slick hairstyle.,"Wagers, Lau & Phillips (2009), Exp. 3",The commentator(s) who the viewer(s) trust(s) the most has/have a very slick hairstyle.
30,ORC,a,singular,singular,grammatical,editor,journalist,The journalist who the editor,appreciates,appreciates,appreciate,The journalist who the editor appreciates the most always turns her stories in promptly.,"Wagers, Lau & Phillips (2009), Exp. 3",The journalist(s) who the editor(s) appreciate(s) the most always turn(s) her stories in promptly.
30,ORC,b,singular,plural,grammatical,editor,journalists,The journalists who the editor,appreciates,appreciates,appreciate,The journalists who the editor appreciates the most always turn their stories in promptly.,"Wagers, Lau & Phillips (2009), Exp. 3",The journalist(s) who the editor(s) appreciate(s) the most always turn(s) her stories in promptly.
30,ORC,c,singular,singular,ungrammatical,editor,journalist,The journalist who the editor,appreciate,appreciates,appreciate,The journalist who the editor appreciate the most always turns her stories in promptly.,"Wagers, Lau & Phillips (2009), Exp. 3",The journalist(s) who the editor(s) appreciate(s) the most always turn(s) her stories in promptly.
30,ORC,d,singular,plural,ungrammatical,editor,journalists,The journalists who the editor,appreciate,appreciates,appreciate,The journalists who the editor appreciate the most always turn their stories in promptly.,"Wagers, Lau & Phillips (2009), Exp. 3",The journalist(s) who the editor(s) appreciate(s) the most always turn(s) her stories in promptly.
30,ORC,e,plural,singular,grammatical,editors,journalist,The journalist who the editors,appreciate,appreciate,appreciates,The journalist who the editors appreciate the most always turns her stories in promptly.,"Wagers, Lau & Phillips (2009), Exp. 3",The journalist(s) who the editor(s) appreciate(s) the most always turn(s) her stories in promptly.
30,ORC,f,plural,plural,grammatical,editors,journalists,The journalists who the editors,appreciate,appreciate,appreciates,The journalists who the editors appreciate the most always turn their stories in promptly.,"Wagers, Lau & Phillips (2009), Exp. 3",The journalist(s) who the editor(s) appreciate(s) the most always turn(s) her stories in promptly.
30,ORC,g,plural,singular,ungrammatical,editors,journalist,The journalist who the editors,appreciates,appreciate,appreciates,The journalist who the editors appreciates the most always turns her stories in promptly.,"Wagers, Lau & Phillips (2009), Exp. 3",The journalist(s) who the editor(s) appreciate(s) the most always turn(s) her stories in promptly.
30,ORC,h,plural,plural,ungrammatical,editors,journalists,The journalists who the editors,appreciates,appreciate,appreciates,The journalists who the editors appreciates the most always turn their stories in promptly.,"Wagers, Lau & Phillips (2009), Exp. 3",The journalist(s) who the editor(s) appreciate(s) the most always turn(s) her stories in promptly.
31,ORC,a,singular,singular,grammatical,waitress,customer,The customer who the waitress,hates,hates,hate,The customer who the waitress hates the most is the one who complains about everything and leaves a lousy tip.,"Wagers, Lau & Phillips (2009), Exp. 3",The customer(s) who the waitress(es) hate(s) the most is/are the one who complain(s) about everything and leave(s) a lousy tip.
31,ORC,b,singular,plural,grammatical,waitress,customers,The customers who the waitress,hates,hates,hate,The customers who the waitress hates the most are the ones who complain about everything and leave a lousy tip.,"Wagers, Lau & Phillips (2009), Exp. 3",The customer(s) who the waitress(es) hate(s) the most is/are the one who complain(s) about everything and leave(s) a lousy tip.
31,ORC,c,singular,singular,ungrammatical,waitress,customer,The customer who the waitress,hate,hates,hate,The customer who the waitress hate the most is the one who complains about everything and leaves a lousy tip.,"Wagers, Lau & Phillips (2009), Exp. 3",The customer(s) who the waitress(es) hate(s) the most is/are the one who complain(s) about everything and leave(s) a lousy tip.
31,ORC,d,singular,plural,ungrammatical,waitress,customers,The customers who the waitress,hate,hates,hate,The customers who the waitress hate the most are the ones who complain about everything and leave a lousy tip.,"Wagers, Lau & Phillips (2009), Exp. 3",The customer(s) who the waitress(es) hate(s) the most is/are the one who complain(s) about everything and leave(s) a lousy tip.
31,ORC,e,plural,singular,grammatical,waitresses,customer,The customer who the waitresses,hate,hate,hates,The customer who the waitresses hate the most is the one who complains about everything and leaves a lousy tip.,"Wagers, Lau & Phillips (2009), Exp. 3",The customer(s) who the waitress(es) hate(s) the most is/are the one who complain(s) about everything and leave(s) a lousy tip.
31,ORC,f,plural,plural,grammatical,waitresses,customers,The customers who the waitresses,hate,hate,hates,The customers who the waitresses hate the most are the ones who complain about everything and leave a lousy tip.,"Wagers, Lau & Phillips (2009), Exp. 3",The customer(s) who the waitress(es) hate(s) the most is/are the one who complain(s) about everything and leave(s) a lousy tip.
31,ORC,g,plural,singular,ungrammatical,waitresses,customer,The customer who the waitresses,hates,hate,hates,The customer who the waitresses hates the most is the one who complains about everything and leaves a lousy tip.,"Wagers, Lau & Phillips (2009), Exp. 3",The customer(s) who the waitress(es) hate(s) the most is/are the one who complain(s) about everything and leave(s) a lousy tip.
31,ORC,h,plural,plural,ungrammatical,waitresses,customers,The customers who the waitresses,hates,hate,hates,The customers who the waitresses hates the most are the ones who complain about everything and leave a lousy tip.,"Wagers, Lau & Phillips (2009), Exp. 3",The customer(s) who the waitress(es) hate(s) the most is/are the one who complain(s) about everything and leave(s) a lousy tip.
32,ORC,a,singular,singular,grammatical,survivor,therapist,The therapist who the survivor,meets,meets,meet,The therapist who the survivor meets with weekly is trying to help her recover from her awful ordeal.,"Wagers, Lau & Phillips (2009), Exp. 3",The therapist(s) who the survivor(s) meet(s) with weekly is/are trying to help her/them recover from her/their awful ordeal.
32,ORC,b,singular,plural,grammatical,survivor,therapists,The therapists who the survivor,meets,meets,meet,The therapists who the survivor meets with weekly are trying to help her recover from her awful ordeal.,"Wagers, Lau & Phillips (2009), Exp. 3",The therapist(s) who the survivor(s) meet(s) with weekly is/are trying to help her/them recover from her/their awful ordeal.
32,ORC,c,singular,singular,ungrammatical,survivor,therapist,The therapist who the survivor,meet,meets,meet,The therapist who the survivor meet with weekly is trying to help her recover from her awful ordeal.,"Wagers, Lau & Phillips (2009), Exp. 3",The therapist(s) who the survivor(s) meet(s) with weekly is/are trying to help her/them recover from her/their awful ordeal.
32,ORC,d,singular,plural,ungrammatical,survivor,therapists,The therapists who the survivor,meet,meets,meet,The therapists who the survivor meet with weekly are trying to help her recover from her awful ordeal.,"Wagers, Lau & Phillips (2009), Exp. 3",The therapist(s) who the survivor(s) meet(s) with weekly is/are trying to help her/them recover from her/their awful ordeal.
32,ORC,e,plural,singular,grammatical,survivors,therapist,The therapist who the survivors,meet,meet,meets,The therapist who the survivors meet with weekly is trying to help them recover from their awful ordeal.,"Wagers, Lau & Phillips (2009), Exp. 3",The therapist(s) who the survivor(s) meet(s) with weekly is/are trying to help her/them recover from her/their awful ordeal.
32,ORC,f,plural,plural,grammatical,survivors,therapists,The therapists who the survivors,meet,meet,meets,The therapists who the survivors meet with weekly are trying to help them recover from their awful ordeal.,"Wagers, Lau & Phillips (2009), Exp. 3",The therapist(s) who the survivor(s) meet(s) with weekly is/are trying to help her/them recover from her/their awful ordeal.
32,ORC,g,plural,singular,ungrammatical,survivors,therapist,The therapist who the survivors,meets,meet,meets,The therapist who the survivors meets with weekly is trying to help them recover from their awful ordeal.,"Wagers, Lau & Phillips (2009), Exp. 3",The therapist(s) who the survivor(s) meet(s) with weekly is/are trying to help her/them recover from her/their awful ordeal.
32,ORC,h,plural,plural,ungrammatical,survivors,therapists,The therapists who the survivors,meets,meet,meets,The therapists who the survivors meets with weekly are trying to help them recover from their awful ordeal.,"Wagers, Lau & Phillips (2009), Exp. 3",The therapist(s) who the survivor(s) meet(s) with weekly is/are trying to help her/them recover from her/their awful ordeal.
33,ORC,a,singular,singular,grammatical,choreographer,cheerleader,The cheerleader who the choreographer,works,works,work,The cheerleader who the choreographer works with usually trains all year for the national competition.,"Wagers, Lau & Phillips (2009), Exp. 3",The cheerleader(s) who the choreographer(s) work(s) with usually train(s) all year for the national competition.
33,ORC,b,singular,plural,grammatical,choreographer,cheerleaders,The cheerleaders who the choreographer,works,works,work,The cheerleaders who the choreographer works with usually train all year for the national competition.,"Wagers, Lau & Phillips (2009), Exp. 3",The cheerleader(s) who the choreographer(s) work(s) with usually train(s) all year for the national competition.
33,ORC,c,singular,singular,ungrammatical,choreographer,cheerleader,The cheerleader who the choreographer,work,works,work,The cheerleader who the choreographer work with usually trains all year for the national competition.,"Wagers, Lau & Phillips (2009), Exp. 3",The cheerleader(s) who the choreographer(s) work(s) with usually train(s) all year for the national competition.
33,ORC,d,singular,plural,ungrammatical,choreographer,cheerleaders,The cheerleaders who the choreographer,work,works,work,The cheerleaders who the choreographer work with usually train all year for the national competition.,"Wagers, Lau & Phillips (2009), Exp. 3",The cheerleader(s) who the choreographer(s) work(s) with usually train(s) all year for the national competition.
33,ORC,e,plural,singular,grammatical,choreographers,cheerleader,The cheerleader who the choreographers,work,work,works,The cheerleader who the choreographers work with usually trains all year for the national competition.,"Wagers, Lau & Phillips (2009), Exp. 3",The cheerleader(s) who the choreographer(s) work(s) with usually train(s) all year for the national competition.
33,ORC,f,plural,plural,grammatical,choreographers,cheerleaders,The cheerleaders who the choreographers,work,work,works,The cheerleaders who the choreographers work with usually train all year for the national competition.,"Wagers, Lau & Phillips (2009), Exp. 3",The cheerleader(s) who the choreographer(s) work(s) with usually train(s) all year for the national competition.
33,ORC,g,plural,singular,ungrammatical,choreographers,cheerleader,The cheerleader who the choreographers,works,work,works,The cheerleader who the choreographers works with usually trains all year for the national competition.,"Wagers, Lau & Phillips (2009), Exp. 3",The cheerleader(s) who the choreographer(s) work(s) with usually train(s) all year for the national competition.
33,ORC,h,plural,plural,ungrammatical,choreographers,cheerleaders,The cheerleaders who the choreographers,works,work,works,The cheerleaders who the choreographers works with usually train all year for the national competition.,"Wagers, Lau & Phillips (2009), Exp. 3",The cheerleader(s) who the choreographer(s) work(s) with usually train(s) all year for the national competition.
34,ORC,a,singular,singular,grammatical,rancher,cowboy,The cowboy who the rancher,knows,knows,know,The cowboy who the rancher knows the best has thirty years of experience on the range.,"Wagers, Lau & Phillips (2009), Exp. 3",The cowboy(s) who the rancher(s) know(s) the best has/have thirty years of experience on the range.
34,ORC,b,singular,plural,grammatical,rancher,cowboys,The cowboys who the rancher,knows,knows,know,The cowboys who the rancher knows the best have thirty years of experience on the range.,"Wagers, Lau & Phillips (2009), Exp. 3",The cowboy(s) who the rancher(s) know(s) the best has/have thirty years of experience on the range.
34,ORC,c,singular,singular,ungrammatical,rancher,cowboy,The cowboy who the rancher,know,knows,know,The cowboy who the rancher know the best has thirty years of experience on the range.,"Wagers, Lau & Phillips (2009), Exp. 3",The cowboy(s) who the rancher(s) know(s) the best has/have thirty years of experience on the range.
34,ORC,d,singular,plural,ungrammatical,rancher,cowboys,The cowboys who the rancher,know,knows,know,The cowboys who the rancher know the best have thirty years of experience on the range.,"Wagers, Lau & Phillips (2009), Exp. 3",The cowboy(s) who the rancher(s) know(s) the best has/have thirty years of experience on the range.
34,ORC,e,plural,singular,grammatical,ranchers,cowboy,The cowboy who the ranchers,know,know,knows,The cowboy who the ranchers know the best has thirty years of experience on the range.,"Wagers, Lau & Phillips (2009), Exp. 3",The cowboy(s) who the rancher(s) know(s) the best has/have thirty years of experience on the range.
34,ORC,f,plural,plural,grammatical,ranchers,cowboys,The cowboys who the ranchers,know,know,knows,The cowboys who the ranchers know the best have thirty years of experience on the range.,"Wagers, Lau & Phillips (2009), Exp. 3",The cowboy(s) who the rancher(s) know(s) the best has/have thirty years of experience on the range.
34,ORC,g,plural,singular,ungrammatical,ranchers,cowboy,The cowboy who the ranchers,knows,know,knows,The cowboy who the ranchers knows the best has thirty years of experience on the range.,"Wagers, Lau & Phillips (2009), Exp. 3",The cowboy(s) who the rancher(s) know(s) the best has/have thirty years of experience on the range.
34,ORC,h,plural,plural,ungrammatical,ranchers,cowboys,The cowboys who the ranchers,knows,know,knows,The cowboys who the ranchers knows the best have thirty years of experience on the range.,"Wagers, Lau & Phillips (2009), Exp. 3",The cowboy(s) who the rancher(s) know(s) the best has/have thirty years of experience on the range.
35,ORC,a,singular,singular,grammatical,nurse,surgeon,The surgeon who the nurse,prefers,prefers,prefer,The surgeon who the nurse prefers most to assist has an impeccable record in the operating room.,"Wagers, Lau & Phillips (2009), Exp. 3",The surgeon(s) who the nurse(s) prefer(s) most to assist has/have an impeccable record in the operating room.
35,ORC,b,singular,plural,grammatical,nurse,surgeons,The surgeons who the nurse,prefers,prefers,prefer,The surgeons who the nurse prefers most to assist have an impeccable record in the operating room.,"Wagers, Lau & Phillips (2009), Exp. 3",The surgeon(s) who the nurse(s) prefer(s) most to assist has/have an impeccable record in the operating room.
35,ORC,c,singular,singular,ungrammatical,nurse,surgeon,The surgeon who the nurse,prefer,prefers,prefer,The surgeon who the nurse prefer most to assist has an impeccable record in the operating room.,"Wagers, Lau & Phillips (2009), Exp. 3",The surgeon(s) who the nurse(s) prefer(s) most to assist has/have an impeccable record in the operating room.
35,ORC,d,singular,plural,ungrammatical,nurse,surgeons,The surgeons who the nurse,prefer,prefers,prefer,The surgeons who the nurse prefer most to assist have an impeccable record in the operating room.,"Wagers, Lau & Phillips (2009), Exp. 3",The surgeon(s) who the nurse(s) prefer(s) most to assist has/have an impeccable record in the operating room.
35,ORC,e,plural,singular,grammatical,nurses,surgeon,The surgeon who the nurses,prefer,prefer,prefers,The surgeon who the nurses prefer most to assist has an impeccable record in the operating room.,"Wagers, Lau & Phillips (2009), Exp. 3",The surgeon(s) who the nurse(s) prefer(s) most to assist has/have an impeccable record in the operating room.
35,ORC,f,plural,plural,grammatical,nurses,surgeons,The surgeons who the nurses,prefer,prefer,prefers,The surgeons who the nurses prefer most to assist have an impeccable record in the operating room.,"Wagers, Lau & Phillips (2009), Exp. 3",The surgeon(s) who the nurse(s) prefer(s) most to assist has/have an impeccable record in the operating room.
35,ORC,g,plural,singular,ungrammatical,nurses,surgeon,The surgeon who the nurses,prefers,prefer,prefers,The surgeon who the nurses prefers most to assist has an impeccable record in the operating room.,"Wagers, Lau & Phillips (2009), Exp. 3",The surgeon(s) who the nurse(s) prefer(s) most to assist has/have an impeccable record in the operating room.
35,ORC,h,plural,plural,ungrammatical,nurses,surgeons,The surgeons who the nurses,prefers,prefer,prefers,The surgeons who the nurses prefers most to assist have an impeccable record in the operating room.,"Wagers, Lau & Phillips (2009), Exp. 3",The surgeon(s) who the nurse(s) prefer(s) most to assist has/have an impeccable record in the operating room.
36,ORC,a,singular,singular,grammatical,patron,bartender,The bartender who the patron,gossips,gossips,gossip,The bartender who the patron gossips with after work always has new stories to tell.,"Wagers, Lau & Phillips (2009), Exp. 3",The bartender(s) who the patron(s) gossip(s) with after work always has/have new stories to tell.
36,ORC,b,singular,plural,grammatical,patron,bartenders,The bartenders who the patron,gossips,gossips,gossip,The bartenders who the patron gossips with after work always have new stories to tell.,"Wagers, Lau & Phillips (2009), Exp. 3",The bartender(s) who the patron(s) gossip(s) with after work always has/have new stories to tell.
36,ORC,c,singular,singular,ungrammatical,patron,bartender,The bartender who the patron,gossip,gossips,gossip,The bartender who the patron gossip with after work always has new stories to tell.,"Wagers, Lau & Phillips (2009), Exp. 3",The bartender(s) who the patron(s) gossip(s) with after work always has/have new stories to tell.
36,ORC,d,singular,plural,ungrammatical,patron,bartenders,The bartenders who the patron,gossip,gossips,gossip,The bartenders who the patron gossip with after work always have new stories to tell.,"Wagers, Lau & Phillips (2009), Exp. 3",The bartender(s) who the patron(s) gossip(s) with after work always has/have new stories to tell.
36,ORC,e,plural,singular,grammatical,patrons,bartender,The bartender who the patrons,gossip,gossip,gossips,The bartender who the patrons gossip with after work always has new stories to tell.,"Wagers, Lau & Phillips (2009), Exp. 3",The bartender(s) who the patron(s) gossip(s) with after work always has/have new stories to tell.
36,ORC,f,plural,plural,grammatical,patrons,bartenders,The bartenders who the patrons,gossip,gossip,gossips,The bartenders who the patrons gossip with after work always have new stories to tell.,"Wagers, Lau & Phillips (2009), Exp. 3",The bartender(s) who the patron(s) gossip(s) with after work always has/have new stories to tell.
36,ORC,g,plural,singular,ungrammatical,patrons,bartender,The bartender who the patrons,gossips,gossip,gossips,The bartender who the patrons gossips with after work always has new stories to tell.,"Wagers, Lau & Phillips (2009), Exp. 3",The bartender(s) who the patron(s) gossip(s) with after work always has/have new stories to tell.
36,ORC,h,plural,plural,ungrammatical,patrons,bartenders,The bartenders who the patrons,gossips,gossip,gossips,The bartenders who the patrons gossips with after work always have new stories to tell.,"Wagers, Lau & Phillips (2009), Exp. 3",The bartender(s) who the patron(s) gossip(s) with after work always has/have new stories to tell.
37,ORC,a,singular,singular,grammatical,reader,columnist,The columnist who the reader,complains,complains,complain,The columnist who the reader complains about frequently gives extreme opinions without backing them up.,"Wagers, Lau & Phillips (2009), Exp. 3",The columnist(s) who the reader(s) complain(s) about frequently give(s) extreme opinions without backing them up.
37,ORC,b,singular,plural,grammatical,reader,columnists,The columnists who the reader,complains,complains,complain,The columnists who the reader complains about frequently give extreme opinions without backing them up.,"Wagers, Lau & Phillips (2009), Exp. 3",The columnist(s) who the reader(s) complain(s) about frequently give(s) extreme opinions without backing them up.
37,ORC,c,singular,singular,ungrammatical,reader,columnist,The columnist who the reader,complain,complains,complain,The columnist who the reader complain about frequently gives extreme opinions without backing them up.,"Wagers, Lau & Phillips (2009), Exp. 3",The columnist(s) who the reader(s) complain(s) about frequently give(s) extreme opinions without backing them up.
37,ORC,d,singular,plural,ungrammatical,reader,columnists,The columnists who the reader,complain,complains,complain,The columnists who the reader complain about frequently give extreme opinions without backing them up.,"Wagers, Lau & Phillips (2009), Exp. 3",The columnist(s) who the reader(s) complain(s) about frequently give(s) extreme opinions without backing them up.
37,ORC,e,plural,singular,grammatical,readers,columnist,The columnist who the readers,complain,complain,complains,The columnist who the readers complain about frequently gives extreme opinions without backing them up.,"Wagers, Lau & Phillips (2009), Exp. 3",The columnist(s) who the reader(s) complain(s) about frequently give(s) extreme opinions without backing them up.
37,ORC,f,plural,plural,grammatical,readers,columnists,The columnists who the readers,complain,complain,complains,The columnists who the readers complain about frequently give extreme opinions without backing them up.,"Wagers, Lau & Phillips (2009), Exp. 3",The columnist(s) who the reader(s) complain(s) about frequently give(s) extreme opinions without backing them up.
37,ORC,g,plural,singular,ungrammatical,readers,columnist,The columnist who the readers,complains,complain,complains,The columnist who the readers complains about frequently gives extreme opinions without backing them up.,"Wagers, Lau & Phillips (2009), Exp. 3",The columnist(s) who the reader(s) complain(s) about frequently give(s) extreme opinions without backing them up.
37,ORC,h,plural,plural,ungrammatical,readers,columnists,The columnists who the readers,complains,complain,complains,The columnists who the readers complains about frequently give extreme opinions without backing them up.,"Wagers, Lau & Phillips (2009), Exp. 3",The columnist(s) who the reader(s) complain(s) about frequently give(s) extreme opinions without backing them up.
38,ORC,a,singular,singular,grammatical,villager,anthropologist,The anthropologist who the villager,respects,respects,respect,The anthropologist who the villager respects the most has taken great pains to learn the local customs.,"Wagers, Lau & Phillips (2009), Exp. 3",The anthropologist(s) who the villager(s) respect(s) the most has/have taken great pains to learn the local customs.
38,ORC,b,singular,plural,grammatical,villager,anthropologists,The anthropologists who the villager,respects,respects,respect,The anthropologists who the villager respects the most have taken great pains to learn the local customs.,"Wagers, Lau & Phillips (2009), Exp. 3",The anthropologist(s) who the villager(s) respect(s) the most has/have taken great pains to learn the local customs.
38,ORC,c,singular,singular,ungrammatical,villager,anthropologist,The anthropologist who the villager,respect,respects,respect,The anthropologist who the villager respect the most has taken great pains to learn the local customs.,"Wagers, Lau & Phillips (2009), Exp. 3",The anthropologist(s) who the villager(s) respect(s) the most has/have taken great pains to learn the local customs.
38,ORC,d,singular,plural,ungrammatical,villager,anthropologists,The anthropologists who the villager,respect,respects,respect,The anthropologists who the villager respect the most have taken great pains to learn the local customs.,"Wagers, Lau & Phillips (2009), Exp. 3",The anthropologist(s) who the villager(s) respect(s) the most has/have taken great pains to learn the local customs.
38,ORC,e,plural,singular,grammatical,villagers,anthropologist,The anthropologist who the villagers,respect,respect,respects,The anthropologist who the villagers respect the most has taken great pains to learn the local customs.,"Wagers, Lau & Phillips (2009), Exp. 3",The anthropologist(s) who the villager(s) respect(s) the most has/have taken great pains to learn the local customs.
38,ORC,f,plural,plural,grammatical,villagers,anthropologists,The anthropologists who the villagers,respect,respect,respects,The anthropologists who the villagers respect the most have taken great pains to learn the local customs.,"Wagers, Lau & Phillips (2009), Exp. 3",The anthropologist(s) who the villager(s) respect(s) the most has/have taken great pains to learn the local customs.
38,ORC,g,plural,singular,ungrammatical,villagers,anthropologist,The anthropologist who the villagers,respects,respect,respects,The anthropologist who the villagers respects the most has taken great pains to learn the local customs.,"Wagers, Lau & Phillips (2009), Exp. 3",The anthropologist(s) who the villager(s) respect(s) the most has/have taken great pains to learn the local customs.
38,ORC,h,plural,plural,ungrammatical,villagers,anthropologists,The anthropologists who the villagers,respects,respect,respects,The anthropologists who the villagers respects the most have taken great pains to learn the local customs.,"Wagers, Lau & Phillips (2009), Exp. 3",The anthropologist(s) who the villager(s) respect(s) the most has/have taken great pains to learn the local customs.
39,ORC,a,singular,singular,grammatical,contractor,bricklayer,The bricklayer who the contractor,assigns,assigns,assign,The bricklayer who the contractor assigns to important projects often doesn't show up on time.,"Wagers, Lau & Phillips (2009), Exp. 3",The bricklayer(s) who the contractor(s) assign(s) to important projects often doesn't show up on time.
39,ORC,b,singular,plural,grammatical,contractor,bricklayers,The bricklayers who the contractor,assigns,assigns,assign,The bricklayers who the contractor assigns to important projects often don't show up on time.,"Wagers, Lau & Phillips (2009), Exp. 3",The bricklayer(s) who the contractor(s) assign(s) to important projects often doesn't show up on time.
39,ORC,c,singular,singular,ungrammatical,contractor,bricklayer,The bricklayer who the contractor,assign,assigns,assign,The bricklayer who the contractor assign to important projects often doesn't show up on time.,"Wagers, Lau & Phillips (2009), Exp. 3",The bricklayer(s) who the contractor(s) assign(s) to important projects often doesn't show up on time.
39,ORC,d,singular,plural,ungrammatical,contractor,bricklayers,The bricklayers who the contractor,assign,assigns,assign,The bricklayers who the contractor assign to important projects often don't show up on time.,"Wagers, Lau & Phillips (2009), Exp. 3",The bricklayer(s) who the contractor(s) assign(s) to important projects often doesn't show up on time.
39,ORC,e,plural,singular,grammatical,contractors,bricklayer,The bricklayer who the contractors,assign,assign,assigns,The bricklayer who the contractors assign to important projects often doesn't show up on time.,"Wagers, Lau & Phillips (2009), Exp. 3",The bricklayer(s) who the contractor(s) assign(s) to important projects often doesn't show up on time.
39,ORC,f,plural,plural,grammatical,contractors,bricklayers,The bricklayers who the contractors,assign,assign,assigns,The bricklayers who the contractors assign to important projects often don't show up on time.,"Wagers, Lau & Phillips (2009), Exp. 3",The bricklayer(s) who the contractor(s) assign(s) to important projects often doesn't show up on time.
39,ORC,g,plural,singular,ungrammatical,contractors,bricklayer,The bricklayer who the contractors,assigns,assign,assigns,The bricklayer who the contractors assigns to important projects often doesn't show up on time.,"Wagers, Lau & Phillips (2009), Exp. 3",The bricklayer(s) who the contractor(s) assign(s) to important projects often doesn't show up on time.
39,ORC,h,plural,plural,ungrammatical,contractors,bricklayers,The bricklayers who the contractors,assigns,assign,assigns,The bricklayers who the contractors assigns to important projects often don't show up on time.,"Wagers, Lau & Phillips (2009), Exp. 3",The bricklayer(s) who the contractor(s) assign(s) to important projects often doesn't show up on time.
40,ORC,a,singular,singular,grammatical,prisoner,comedian,The comedian who the prisoner,finds,finds,find,The comedian who the prisoner finds so entertaining can find humor in the worst situations.,"Wagers, Lau & Phillips (2009), Exp. 3",The comedian(s) who the prisoner(s) find(s) so entertaining can find humor in the worst situations.
40,ORC,b,singular,plural,grammatical,prisoner,comedians,The comedians who the prisoner,finds,finds,find,The comedians who the prisoner finds so entertaining can find humor in the worst situations.,"Wagers, Lau & Phillips (2009), Exp. 3",The comedian(s) who the prisoner(s) find(s) so entertaining can find humor in the worst situations.
40,ORC,c,singular,singular,ungrammatical,prisoner,comedian,The comedian who the prisoner,find,finds,find,The comedian who the prisoner find so entertaining can find humor in the worst situations.,"Wagers, Lau & Phillips (2009), Exp. 3",The comedian(s) who the prisoner(s) find(s) so entertaining can find humor in the worst situations.
40,ORC,d,singular,plural,ungrammatical,prisoner,comedians,The comedians who the prisoner,find,finds,find,The comedians who the prisoner find so entertaining can find humor in the worst situations.,"Wagers, Lau & Phillips (2009), Exp. 3",The comedian(s) who the prisoner(s) find(s) so entertaining can find humor in the worst situations.
40,ORC,e,plural,singular,grammatical,prisoners,comedian,The comedian who the prisoners,find,find,finds,The comedian who the prisoners find so entertaining can find humor in the worst situations.,"Wagers, Lau & Phillips (2009), Exp. 3",The comedian(s) who the prisoner(s) find(s) so entertaining can find humor in the worst situations.
40,ORC,f,plural,plural,grammatical,prisoners,comedians,The comedians who the prisoners,find,find,finds,The comedians who the prisoners find so entertaining can find humor in the worst situations.,"Wagers, Lau & Phillips (2009), Exp. 3",The comedian(s) who the prisoner(s) find(s) so entertaining can find humor in the worst situations.
40,ORC,g,plural,singular,ungrammatical,prisoners,comedian,The comedian who the prisoners,finds,find,finds,The comedian who the prisoners finds so entertaining can find humor in the worst situations.,"Wagers, Lau & Phillips (2009), Exp. 3",The comedian(s) who the prisoner(s) find(s) so entertaining can find humor in the worst situations.
40,ORC,h,plural,plural,ungrammatical,prisoners,comedians,The comedians who the prisoners,finds,find,finds,The comedians who the prisoners finds so entertaining can find humor in the worst situations.,"Wagers, Lau & Phillips (2009), Exp. 3",The comedian(s) who the prisoner(s) find(s) so entertaining can find humor in the worst situations.
41,ORC,a,singular,singular,grammatical,criminal,judge,The judge who the criminal,fears,fears,fear,The judge who the criminal fears the most hands down tough sentences for minor offenses.,"Wagers, Lau & Phillips (2009), Exp. 3",The judge(s) who the criminal(s) fear(s) the most hand(s) down tough sentences for minor offenses.
41,ORC,b,singular,plural,grammatical,criminal,judges,The judges who the criminal,fears,fears,fear,The judges who the criminal fears the most hand down tough sentences for minor offenses.,"Wagers, Lau & Phillips (2009), Exp. 3",The judge(s) who the criminal(s) fear(s) the most hand(s) down tough sentences for minor offenses.
41,ORC,c,singular,singular,ungrammatical,criminal,judge,The judge who the criminal,fear,fears,fear,The judge who the criminal fear the most hands down tough sentences for minor offenses.,"Wagers, Lau & Phillips (2009), Exp. 3",The judge(s) who the criminal(s) fear(s) the most hand(s) down tough sentences for minor offenses.
41,ORC,d,singular,plural,ungrammatical,criminal,judges,The judges who the criminal,fear,fears,fear,The judges who the criminal fear the most hand down tough sentences for minor offenses.,"Wagers, Lau & Phillips (2009), Exp. 3",The judge(s) who the criminal(s) fear(s) the most hand(s) down tough sentences for minor offenses.
41,ORC,e,plural,singular,grammatical,criminals,judge,The judge who the criminals,fear,fear,fears,The judge who the criminals fear the most hands down tough sentences for minor offenses.,"Wagers, Lau & Phillips (2009), Exp. 3",The judge(s) who the criminal(s) fear(s) the most hand(s) down tough sentences for minor offenses.
41,ORC,f,plural,plural,grammatical,criminals,judges,The judges who the criminals,fear,fear,fears,The judges who the criminals fear the most hand down tough sentences for minor offenses.,"Wagers, Lau & Phillips (2009), Exp. 3",The judge(s) who the criminal(s) fear(s) the most hand(s) down tough sentences for minor offenses.
41,ORC,g,plural,singular,ungrammatical,criminals,judge,The judge who the criminals,fears,fear,fears,The judge who the criminals fears the most hands down tough sentences for minor offenses.,"Wagers, Lau & Phillips (2009), Exp. 3",The judge(s) who the criminal(s) fear(s) the most hand(s) down tough sentences for minor offenses.
41,ORC,h,plural,plural,ungrammatical,criminals,judges,The judges who the criminals,fears,fear,fears,The judges who the criminals fears the most hand down tough sentences for minor offenses.,"Wagers, Lau & Phillips (2009), Exp. 3",The judge(s) who the criminal(s) fear(s) the most hand(s) down tough sentences for minor offenses.
42,ORC,a,singular,singular,grammatical,bully,student,The student who the bully,teases,teases,tease,The student who the bully teases during lunch is too afraid to tell the teachers.,"Wagers, Lau & Phillips (2009), Exp. 3",The student(s) who the bull(ies) tease(s) during lunch is/are too afraid to tell the teachers.
42,ORC,b,singular,plural,grammatical,bully,students,The students who the bully,teases,teases,tease,The students who the bully teases during lunch are too afraid to tell the teachers.,"Wagers, Lau & Phillips (2009), Exp. 3",The student(s) who the bull(ies) tease(s) during lunch is/are too afraid to tell the teachers.
42,ORC,c,singular,singular,ungrammatical,bully,student,The student who the bully,tease,teases,tease,The student who the bully tease during lunch is too afraid to tell the teachers.,"Wagers, Lau & Phillips (2009), Exp. 3",The student(s) who the bull(ies) tease(s) during lunch is/are too afraid to tell the teachers.
42,ORC,d,singular,plural,ungrammatical,bully,students,The students who the bully,tease,teases,tease,The students who the bully tease during lunch are too afraid to tell the teachers.,"Wagers, Lau & Phillips (2009), Exp. 3",The student(s) who the bull(ies) tease(s) during lunch is/are too afraid to tell the teachers.
42,ORC,e,plural,singular,grammatical,bullies,student,The student who the bullies,tease,tease,teases,The student who the bullies tease during lunch is too afraid to tell the teachers.,"Wagers, Lau & Phillips (2009), Exp. 3",The student(s) who the bull(ies) tease(s) during lunch is/are too afraid to tell the teachers.
42,ORC,f,plural,plural,grammatical,bullies,students,The students who the bullies,tease,tease,teases,The students who the bullies tease during lunch are too afraid to tell the teachers.,"Wagers, Lau & Phillips (2009), Exp. 3",The student(s) who the bull(ies) tease(s) during lunch is/are too afraid to tell the teachers.
42,ORC,g,plural,singular,ungrammatical,bullies,student,The student who the bullies,teases,tease,teases,The student who the bullies teases during lunch is too afraid to tell the teachers.,"Wagers, Lau & Phillips (2009), Exp. 3",The student(s) who the bull(ies) tease(s) during lunch is/are too afraid to tell the teachers.
42,ORC,h,plural,plural,ungrammatical,bullies,students,The students who the bullies,teases,tease,teases,The students who the bullies teases during lunch are too afraid to tell the teachers.,"Wagers, Lau & Phillips (2009), Exp. 3",The student(s) who the bull(ies) tease(s) during lunch is/are too afraid to tell the teachers.
43,ORC,a,singular,singular,grammatical,scientist,philosopher,The philosopher who the scientist,discusses,discusses,discuss,The philosopher who the scientist discusses during the radio program rarely expresses his ideas in plain language.,"Wagers, Lau & Phillips (2009), Exp. 3",The philosopher(s) who the scientist(s) discuss(es) during the radio program rarely express(es) his/their ideas in plain language.
43,ORC,b,singular,plural,grammatical,scientist,philosophers,The philosophers who the scientist,discusses,discusses,discuss,The philosophers who the scientist discusses during the radio program rarely express their ideas in plain language.,"Wagers, Lau & Phillips (2009), Exp. 3",The philosopher(s) who the scientist(s) discuss(es) during the radio program rarely express(es) his/their ideas in plain language.
43,ORC,c,singular,singular,ungrammatical,scientist,philosopher,The philosopher who the scientist,discuss,discusses,discuss,The philosopher who the scientist discuss during the radio program rarely expresses his ideas in plain language.,"Wagers, Lau & Phillips (2009), Exp. 3",The philosopher(s) who the scientist(s) discuss(es) during the radio program rarely express(es) his/their ideas in plain language.
43,ORC,d,singular,plural,ungrammatical,scientist,philosophers,The philosophers who the scientist,discuss,discusses,discuss,The philosophers who the scientist discuss during the radio program rarely express their ideas in plain language.,"Wagers, Lau & Phillips (2009), Exp. 3",The philosopher(s) who the scientist(s) discuss(es) during the radio program rarely express(es) his/their ideas in plain language.
43,ORC,e,plural,singular,grammatical,scientists,philosopher,The philosopher who the scientists,discuss,discuss,discusses,The philosopher who the scientists discuss during the radio program rarely expresses his ideas in plain language.,"Wagers, Lau & Phillips (2009), Exp. 3",The philosopher(s) who the scientist(s) discuss(es) during the radio program rarely express(es) his/their ideas in plain language.
43,ORC,f,plural,plural,grammatical,scientists,philosophers,The philosophers who the scientists,discuss,discuss,discusses,The philosophers who the scientists discuss during the radio program rarely express their ideas in plain language.,"Wagers, Lau & Phillips (2009), Exp. 3",The philosopher(s) who the scientist(s) discuss(es) during the radio program rarely express(es) his/their ideas in plain language.
43,ORC,g,plural,singular,ungrammatical,scientists,philosopher,The philosopher who the scientists,discusses,discuss,discusses,The philosopher who the scientists discusses during the radio program rarely expresses his ideas in plain language.,"Wagers, Lau & Phillips (2009), Exp. 3",The philosopher(s) who the scientist(s) discuss(es) during the radio program rarely express(es) his/their ideas in plain language.
43,ORC,h,plural,plural,ungrammatical,scientists,philosophers,The philosophers who the scientists,discusses,discuss,discusses,The philosophers who the scientists discusses during the radio program rarely express their ideas in plain language.,"Wagers, Lau & Phillips (2009), Exp. 3",The philosopher(s) who the scientist(s) discuss(es) during the radio program rarely express(es) his/their ideas in plain language.
44,ORC,a,singular,singular,grammatical,candidate,lawyer,The lawyer who the candidate,consults,consults,consult,The lawyer who the candidate consults every morning tells him what campaign money he is allowed to accept.,"Wagers, Lau & Phillips (2009), Exp. 3",The lawyer(s) who the candidate(s) consult(s) every morning tell(s) him what campaign money he/they is/are allowed to accept.
44,ORC,b,singular,plural,grammatical,candidate,lawyers,The lawyers who the candidate,consults,consults,consult,The lawyers who the candidate consults every morning tell him what campaign money he is allowed to accept.,"Wagers, Lau & Phillips (2009), Exp. 3",The lawyer(s) who the candidate(s) consult(s) every morning tell(s) him what campaign money he/they is/are allowed to accept.
44,ORC,c,singular,singular,ungrammatical,candidate,lawyer,The lawyer who the candidate,consult,consults,consult,The lawyer who the candidate consult every morning tells him what campaign money he is allowed to accept.,"Wagers, Lau & Phillips (2009), Exp. 3",The lawyer(s) who the candidate(s) consult(s) every morning tell(s) him what campaign money he/they is/are allowed to accept.
44,ORC,d,singular,plural,ungrammatical,candidate,lawyers,The lawyers who the candidate,consult,consults,consult,The lawyers who the candidate consult every morning tell him what campaign money he is allowed to accept.,"Wagers, Lau & Phillips (2009), Exp. 3",The lawyer(s) who the candidate(s) consult(s) every morning tell(s) him what campaign money he/they is/are allowed to accept.
44,ORC,e,plural,singular,grammatical,candidates,lawyer,The lawyer who the candidates,consult,consult,consults,The lawyer who the candidates consult every morning tells them what campaign money they are allowed to accept.,"Wagers, Lau & Phillips (2009), Exp. 3",The lawyer(s) who the candidate(s) consult(s) every morning tell(s) him what campaign money he/they is/are allowed to accept.
44,ORC,f,plural,plural,grammatical,candidates,lawyers,The lawyers who the candidates,consult,consult,consults,The lawyers who the candidates consult every morning tell them what campaign money they are allowed to accept.,"Wagers, Lau & Phillips (2009), Exp. 3",The lawyer(s) who the candidate(s) consult(s) every morning tell(s) him what campaign money he/they is/are allowed to accept.
44,ORC,g,plural,singular,ungrammatical,candidates,lawyer,The lawyer who the candidates,consults,consult,consults,The lawyer who the candidates consults every morning tells them what campaign money they are allowed to accept.,"Wagers, Lau & Phillips (2009), Exp. 3",The lawyer(s) who the candidate(s) consult(s) every morning tell(s) him what campaign money he/they is/are allowed to accept.
44,ORC,h,plural,plural,ungrammatical,candidates,lawyers,The lawyers who the candidates,consults,consult,consults,The lawyers who the candidates consults every morning tell them what campaign money they are allowed to accept.,"Wagers, Lau & Phillips (2009), Exp. 3",The lawyer(s) who the candidate(s) consult(s) every morning tell(s) him what campaign money he/they is/are allowed to accept.
45,ORC,a,singular,singular,grammatical,reviewer,musician,The musician who the reviewer,praises,praises,praise,The musician who the reviewer praises so highly will probably win a Grammy.,"Wagers, Lau & Phillips (2009), Exp. 3",The musician(s) who the reviewer(s) praise(s) so highly will probably win a Grammy.
45,ORC,b,singular,plural,grammatical,reviewer,musicians,The musicians who the reviewer,praises,praises,praise,The musicians who the reviewer praises so highly will probably win a Grammy.,"Wagers, Lau & Phillips (2009), Exp. 3",The musician(s) who the reviewer(s) praise(s) so highly will probably win a Grammy.
45,ORC,c,singular,singular,ungrammatical,reviewer,musician,The musician who the reviewer,praise,praises,praise,The musician who the reviewer praise so highly will probably win a Grammy.,"Wagers, Lau & Phillips (2009), Exp. 3",The musician(s) who the reviewer(s) praise(s) so highly will probably win a Grammy.
45,ORC,d,singular,plural,ungrammatical,reviewer,musicians,The musicians who the reviewer,praise,praises,praise,The musicians who the reviewer praise so highly will probably win a Grammy.,"Wagers, Lau & Phillips (2009), Exp. 3",The musician(s) who the reviewer(s) praise(s) so highly will probably win a Grammy.
45,ORC,e,plural,singular,grammatical,reviewers,musician,The musician who the reviewers,praise,praise,praises,The musician who the reviewers praise so highly will probably win a Grammy.,"Wagers, Lau & Phillips (2009), Exp. 3",The musician(s) who the reviewer(s) praise(s) so highly will probably win a Grammy.
45,ORC,f,plural,plural,grammatical,reviewers,musicians,The musicians who the reviewers,praise,praise,praises,The musicians who the reviewers praise so highly will probably win a Grammy.,"Wagers, Lau & Phillips (2009), Exp. 3",The musician(s) who the reviewer(s) praise(s) so highly will probably win a Grammy.
45,ORC,g,plural,singular,ungrammatical,reviewers,musician,The musician who the reviewers,praises,praise,praises,The musician who the reviewers praises so highly will probably win a Grammy.,"Wagers, Lau & Phillips (2009), Exp. 3",The musician(s) who the reviewer(s) praise(s) so highly will probably win a Grammy.
45,ORC,h,plural,plural,ungrammatical,reviewers,musicians,The musicians who the reviewers,praises,praise,praises,The musicians who the reviewers praises so highly will probably win a Grammy.,"Wagers, Lau & Phillips (2009), Exp. 3",The musician(s) who the reviewer(s) praise(s) so highly will probably win a Grammy.
46,ORC,a,singular,singular,grammatical,boss,receptionist,The receptionist who the boss,gives,gives,give,The receptionist who the boss gives the biggest projects never fails to do a stellar job.,"Wagers, Lau & Phillips (2009), Exp. 3",The receptionist(s) who the boss(es) give(s) the biggest projects never fail(s) to do a stellar job.
46,ORC,b,singular,plural,grammatical,boss,receptionists,The receptionists who the boss,gives,gives,give,The receptionists who the boss gives the biggest projects never fail to do a stellar job.,"Wagers, Lau & Phillips (2009), Exp. 3",The receptionist(s) who the boss(es) give(s) the biggest projects never fail(s) to do a stellar job.
46,ORC,c,singular,singular,ungrammatical,boss,receptionist,The receptionist who the boss,give,gives,give,The receptionist who the boss give the biggest projects never fails to do a stellar job.,"Wagers, Lau & Phillips (2009), Exp. 3",The receptionist(s) who the boss(es) give(s) the biggest projects never fail(s) to do a stellar job.
46,ORC,d,singular,plural,ungrammatical,boss,receptionists,The receptionists who the boss,give,gives,give,The receptionists who the boss give the biggest projects never fail to do a stellar job.,"Wagers, Lau & Phillips (2009), Exp. 3",The receptionist(s) who the boss(es) give(s) the biggest projects never fail(s) to do a stellar job.
46,ORC,e,plural,singular,grammatical,bosses,receptionist,The receptionist who the bosses,give,give,gives,The receptionist who the bosses give the biggest projects never fails to do a stellar job.,"Wagers, Lau & Phillips (2009), Exp. 3",The receptionist(s) who the boss(es) give(s) the biggest projects never fail(s) to do a stellar job.
46,ORC,f,plural,plural,grammatical,bosses,receptionists,The receptionists who the bosses,give,give,gives,The receptionists who the bosses give the biggest projects never fail to do a stellar job.,"Wagers, Lau & Phillips (2009), Exp. 3",The receptionist(s) who the boss(es) give(s) the biggest projects never fail(s) to do a stellar job.
46,ORC,g,plural,singular,ungrammatical,bosses,receptionist,The receptionist who the bosses,gives,give,gives,The receptionist who the bosses gives the biggest projects never fails to do a stellar job.,"Wagers, Lau & Phillips (2009), Exp. 3",The receptionist(s) who the boss(es) give(s) the biggest projects never fail(s) to do a stellar job.
46,ORC,h,plural,plural,ungrammatical,bosses,receptionists,The receptionists who the bosses,gives,give,gives,The receptionists who the bosses gives the biggest projects never fail to do a stellar job.,"Wagers, Lau & Phillips (2009), Exp. 3",The receptionist(s) who the boss(es) give(s) the biggest projects never fail(s) to do a stellar job.
47,ORC,a,singular,singular,grammatical,designer,actress,The actress who the designer,creates,creates,create,The actress who the designer creates award show dresses for is extremely fickle and demanding.,"Wagers, Lau & Phillips (2009), Exp. 3",The actress(es) who the designer(s) create(s) award show dresses for is/are extremely fickle and demanding.
47,ORC,b,singular,plural,grammatical,designer,actresses,The actresses who the designer,creates,creates,create,The actresses who the designer creates award show dresses for are extremely fickle and demanding.,"Wagers, Lau & Phillips (2009), Exp. 3",The actress(es) who the designer(s) create(s) award show dresses for is/are extremely fickle and demanding.
47,ORC,c,singular,singular,ungrammatical,designer,actress,The actress who the designer,create,creates,create,The actress who the designer create award show dresses for is extremely fickle and demanding.,"Wagers, Lau & Phillips (2009), Exp. 3",The actress(es) who the designer(s) create(s) award show dresses for is/are extremely fickle and demanding.
47,ORC,d,singular,plural,ungrammatical,designer,actresses,The actresses who the designer,create,creates,create,The actresses who the designer create award show dresses for are extremely fickle and demanding.,"Wagers, Lau & Phillips (2009), Exp. 3",The actress(es) who the designer(s) create(s) award show dresses for is/are extremely fickle and demanding.
47,ORC,e,plural,singular,grammatical,designers,actress,The actress who the designers,create,create,creates,The actress who the designers create award show dresses for is extremely fickle and demanding.,"Wagers, Lau & Phillips (2009), Exp. 3",The actress(es) who the designer(s) create(s) award show dresses for is/are extremely fickle and demanding.
47,ORC,f,plural,plural,grammatical,designers,actresses,The actresses who the designers,create,create,creates,The actresses who the designers create award show dresses for are extremely fickle and demanding.,"Wagers, Lau & Phillips (2009), Exp. 3",The actress(es) who the designer(s) create(s) award show dresses for is/are extremely fickle and demanding.
47,ORC,g,plural,singular,ungrammatical,designers,actress,The actress who the designers,creates,create,creates,The actress who the designers creates award show dresses for is extremely fickle and demanding.,"Wagers, Lau & Phillips (2009), Exp. 3",The actress(es) who the designer(s) create(s) award show dresses for is/are extremely fickle and demanding.
47,ORC,h,plural,plural,ungrammatical,designers,actresses,The actresses who the designers,creates,create,creates,The actresses who the designers creates award show dresses for are extremely fickle and demanding.,"Wagers, Lau & Phillips (2009), Exp. 3",The actress(es) who the designer(s) create(s) award show dresses for is/are extremely fickle and demanding.
48,ORC,a,singular,singular,grammatical,manager,programmer,The programmer who the manager,oversees,oversees,oversee,The programmer who the manager oversees at the software firm is eccentric and difficult to control.,"Wagers, Lau & Phillips (2009), Exp. 3",The programmer(s) who the manager(s) oversee(s) at the software firm is/are eccentric and difficult to control.
48,ORC,b,singular,plural,grammatical,manager,programmers,The programmers who the manager,oversees,oversees,oversee,The programmers who the manager oversees at the software firm are eccentric and difficult to control.,"Wagers, Lau & Phillips (2009), Exp. 3",The programmer(s) who the manager(s) oversee(s) at the software firm is/are eccentric and difficult to control.
48,ORC,c,singular,singular,ungrammatical,manager,programmer,The programmer who the manager,oversee,oversees,oversee,The programmer who the manager oversee at the software firm is eccentric and difficult to control.,"Wagers, Lau & Phillips (2009), Exp. 3",The programmer(s) who the manager(s) oversee(s) at the software firm is/are eccentric and difficult to control.
48,ORC,d,singular,plural,ungrammatical,manager,programmers,The programmers who the manager,oversee,oversees,oversee,The programmers who the manager oversee at the software firm are eccentric and difficult to control.,"Wagers, Lau & Phillips (2009), Exp. 3",The programmer(s) who the manager(s) oversee(s) at the software firm is/are eccentric and difficult to control.
48,ORC,e,plural,singular,grammatical,managers,programmer,The programmer who the managers,oversee,oversee,oversees,The programmer who the managers oversee at the software firm is eccentric and difficult to control.,"Wagers, Lau & Phillips (2009), Exp. 3",The programmer(s) who the manager(s) oversee(s) at the software firm is/are eccentric and difficult to control.
48,ORC,f,plural,plural,grammatical,managers,programmers,The programmers who the managers,oversee,oversee,oversees,The programmers who the managers oversee at the software firm are eccentric and difficult to control.,"Wagers, Lau & Phillips (2009), Exp. 3",The programmer(s) who the manager(s) oversee(s) at the software firm is/are eccentric and difficult to control.
48,ORC,g,plural,singular,ungrammatical,managers,programmer,The programmer who the managers,oversees,oversee,oversees,The programmer who the managers oversees at the software firm is eccentric and difficult to control.,"Wagers, Lau & Phillips (2009), Exp. 3",The programmer(s) who the manager(s) oversee(s) at the software firm is/are eccentric and difficult to control.
48,ORC,h,plural,plural,ungrammatical,managers,programmers,The programmers who the managers,oversees,oversee,oversees,The programmers who the managers oversees at the software firm are eccentric and difficult to control.,"Wagers, Lau & Phillips (2009), Exp. 3",The programmer(s) who the manager(s) oversee(s) at the software firm is/are eccentric and difficult to control.
