model,item_id,construction,condition,subject_number,attractor_number,grammaticality,prefix,target_verb,correct_verb,incorrect_verb,correct_num_tokens,incorrect_num_tokens,logprob_correct,logprob_incorrect,logprob_difference,surprisal_correct,surprisal_incorrect,attention_layer,attention_entropy_bits,attention_entropy_normalized,attention_to_subject,attention_to_attractor,attention_num_heads_aggregated,target_token_count,target_query_token_index,attention_context_token_count
gpt2,1,ORC,a,singular,singular,grammatical,The runner who the driver,sees,sees,see,1,1,-5.920582294464111,-10.080028533935549,4.159446239471436,5.920582294464111,10.080028533935549,5,1.0790151357650757,0.464706540107727,0.1953971832990646,0.0380079112946987,12,1,5,5
gpt2,1,ORC,b,singular,plural,grammatical,The runners who the driver,sees,sees,see,1,1,-6.095893859863281,-9.864059448242188,3.768165588378906,6.095893859863281,9.864059448242188,5,1.0823817253112793,0.4661564826965332,0.2146108746528625,0.0422627478837966,12,1,5,5
gpt2,1,ORC,c,singular,singular,ungrammatical,The runner who the driver,see,sees,see,1,1,-5.920582294464111,-10.080028533935549,4.159446239471436,5.920582294464111,10.080028533935549,5,1.1757804155349731,0.506381094455719,0.186757430434227,0.042573943734169,12,1,5,5
gpt2,1,ORC,d,singular,plural,ungrammatical,The runners who the driver,see,sees,see,1,1,-6.095893859863281,-9.864059448242188,3.768165588378906,6.095893859863281,9.864059448242188,5,1.215092658996582,0.5233119130134583,0.1770957857370376,0.0594139248132705,12,1,5,5
gpt2,1,ORC,e,plural,singular,grammatical,The runner who the drivers,see,see,sees,1,1,-5.904885292053223,-9.751442909240724,3.8465576171875,5.904885292053223,9.751442909240724,5,1.096519112586975,0.4722450673580169,0.185688316822052,0.0324491560459136,12,1,5,5
gpt2,1,ORC,f,plural,plural,grammatical,The runners who the drivers,see,see,sees,1,1,-6.133955478668213,-10.978071212768556,4.844115734100342,6.133955478668213,10.978071212768556,5,1.1593222618103027,0.4992929697036743,0.168964222073555,0.0404872968792915,12,1,5,5
gpt2,1,ORC,g,plural,singular,ungrammatical,The runner who the drivers,sees,see,sees,1,1,-5.904885292053223,-9.751442909240724,3.8465576171875,5.904885292053223,9.751442909240724,5,1.1354787349700928,0.4890241324901581,0.1533941477537155,0.0552515983581543,12,1,5,5
gpt2,1,ORC,h,plural,plural,ungrammatical,The runners who the drivers,sees,see,sees,1,1,-6.133955478668213,-10.978071212768556,4.844115734100342,6.133955478668213,10.978071212768556,5,1.1825460195541382,0.5092948079109192,0.1638347208499908,0.0421115159988403,12,1,5,5
gpt2,2,ORC,a,singular,singular,grammatical,The industrialist who the activist,criticizes,criticizes,criticize,2,1,-7.631993651390076,-12.081512451171877,4.449518799781799,7.631993651390076,12.081512451171877,5,1.1811788082122805,0.4569423496723175,0.1580371111631393,0.0347552523016929,12,2,6,6
gpt2,2,ORC,b,singular,plural,grammatical,The industrialists who the activist,criticizes,criticizes,criticize,2,1,-9.62076699733734,-10.54750633239746,0.9267393350601196,9.62076699733734,10.54750633239746,5,1.1940680742263794,0.4619286060333252,0.1641097664833068,0.0422132574021816,12,2,6,6
gpt2,2,ORC,c,singular,singular,ungrammatical,The industrialist who the activist,criticize,criticizes,criticize,2,1,-7.631993651390076,-12.081512451171877,4.449518799781799,7.631993651390076,12.081512451171877,5,1.2815850973129272,0.4957847893238067,0.1753217577934265,0.0458273403346538,12,1,6,6
gpt2,2,ORC,d,singular,plural,ungrammatical,The industrialists who the activist,criticize,criticizes,criticize,2,1,-9.62076699733734,-10.54750633239746,0.9267393350601196,9.62076699733734,10.54750633239746,5,1.3072113990783691,0.5056983828544617,0.1628448814153671,0.0576770007610321,12,1,6,6
gpt2,2,ORC,e,plural,singular,grammatical,The industrialist who the activists,criticize,criticize,criticizes,1,2,-7.596351146697998,-12.117822170257568,4.52147102355957,7.596351146697998,12.117822170257568,5,1.207366943359375,0.4670732915401459,0.2029062956571579,0.037046518176794,12,1,6,6
gpt2,2,ORC,f,plural,plural,grammatical,The industrialists who the activists,criticize,criticize,criticizes,1,2,-7.045075416564941,-13.91822910308838,6.8731536865234375,7.045075416564941,13.91822910308838,5,1.2597628831863403,0.4873428344726562,0.1846524327993393,0.0460474379360675,12,1,6,6
gpt2,2,ORC,g,plural,singular,ungrammatical,The industrialist who the activists,criticizes,criticize,criticizes,1,2,-7.596351146697998,-12.117822170257568,4.52147102355957,7.596351146697998,12.117822170257568,5,1.183136820793152,0.4576997756958008,0.1839913874864578,0.0296128001064062,12,2,6,6
gpt2,2,ORC,h,plural,plural,ungrammatical,The industrialists who the activists,criticizes,criticize,criticizes,1,2,-7.045075416564941,-13.91822910308838,6.8731536865234375,7.045075416564941,13.91822910308838,5,1.2174617052078247,0.4709784984588623,0.176890417933464,0.0379866994917392,12,2,6,6
gpt2,3,ORC,a,singular,singular,grammatical,The player who the coach,likes,likes,like,1,1,-4.712224960327148,-7.602300643920898,2.89007568359375,4.712224960327148,7.602300643920898,5,1.2211674451828003,0.5259281992912292,0.2051837295293808,0.0531223751604557,12,1,5,5
gpt2,3,ORC,b,singular,plural,grammatical,The players who the coach,likes,likes,like,1,1,-4.174882888793945,-7.008790969848633,2.8339080810546875,4.174882888793945,7.008790969848633,5,1.2356553077697754,0.5321678519248962,0.2213550955057144,0.0587248019874095,12,1,5,5
gpt2,3,ORC,c,singular,singular,ungrammatical,The player who the coach,like,likes,like,1,1,-4.712224960327148,-7.602300643920898,2.89007568359375,4.712224960327148,7.602300643920898,5,1.3348468542099,0.5748872756958008,0.1903393119573593,0.0505709163844585,12,1,5,5
gpt2,3,ORC,d,singular,plural,ungrammatical,The players who the coach,like,likes,like,1,1,-4.174882888793945,-7.008790969848633,2.8339080810546875,4.174882888793945,7.008790969848633,5,1.419385313987732,0.6112960577011108,0.1870221048593521,0.0576437525451183,12,1,5,5
gpt2,3,ORC,e,plural,singular,grammatical,The player who the coaches,like,like,likes,1,1,-4.579474925994873,-8.490074157714844,3.9105992317199703,4.579474925994873,8.490074157714844,5,1.314513087272644,0.5661300420761108,0.2168456315994262,0.0452760197222232,12,1,5,5
gpt2,3,ORC,f,plural,plural,grammatical,The players who the coaches,like,like,likes,1,1,-4.356656074523926,-9.424420356750488,5.0677642822265625,4.356656074523926,9.424420356750488,5,1.3703060150146484,0.5901586413383484,0.2073860764503479,0.0451312623918056,12,1,5,5
gpt2,3,ORC,g,plural,singular,ungrammatical,The player who the coaches,likes,like,likes,1,1,-4.579474925994873,-8.490074157714844,3.9105992317199703,4.579474925994873,8.490074157714844,5,1.29489266872406,0.5576799511909485,0.1922394633293151,0.0621267072856426,12,1,5,5
gpt2,3,ORC,h,plural,plural,ungrammatical,The players who the coaches,likes,like,likes,1,1,-4.356656074523926,-9.424420356750488,5.0677642822265625,4.356656074523926,9.424420356750488,5,1.3150739669799805,0.5663716197013855,0.2025392055511474,0.0557744614779949,12,1,5,5
gpt2,4,ORC,a,singular,singular,grammatical,The volunteer who the director,relies,relies,rely,1,1,-9.63984489440918,-14.64704704284668,5.0072021484375,9.63984489440918,14.64704704284668,5,1.1312769651412964,0.4872144758701324,0.173519030213356,0.0410571843385696,12,1,5,5
gpt2,4,ORC,b,singular,plural,grammatical,The volunteers who the director,relies,relies,rely,1,1,-8.907215118408203,-12.789958953857422,3.8827438354492183,8.907215118408203,12.789958953857422,5,1.1208995580673218,0.4827451705932617,0.1828812509775161,0.0424047149717807,12,1,5,5
gpt2,4,ORC,c,singular,singular,ungrammatical,The volunteer who the director,rely,relies,rely,1,1,-9.63984489440918,-14.64704704284668,5.0072021484375,9.63984489440918,14.64704704284668,5,1.1550627946853638,0.4974584877490997,0.1626127958297729,0.0407007075846195,12,1,5,5
gpt2,4,ORC,d,singular,plural,ungrammatical,The volunteers who the director,rely,relies,rely,1,1,-8.907215118408203,-12.789958953857422,3.8827438354492183,8.907215118408203,12.789958953857422,5,1.178003430366516,0.5073384642601013,0.1559302657842636,0.0524609386920928,12,1,5,5
gpt2,4,ORC,e,plural,singular,grammatical,The volunteer who the directors,rely,rely,relies,1,1,-8.914889335632324,-12.004603385925291,3.0897140502929688,8.914889335632324,12.004603385925291,5,1.0688408613204956,0.460324764251709,0.2150254994630813,0.0357635617256164,12,1,5,5
gpt2,4,ORC,f,plural,plural,grammatical,The volunteers who the directors,rely,rely,relies,1,1,-7.95301628112793,-13.026296615600586,5.073280334472656,7.95301628112793,13.026296615600586,5,1.1289297342300415,0.486203521490097,0.193712905049324,0.03957150131464,12,1,5,5
gpt2,4,ORC,g,plural,singular,ungrammatical,The volunteer who the directors,relies,rely,relies,1,1,-8.914889335632324,-12.004603385925291,3.0897140502929688,8.914889335632324,12.004603385925291,5,1.1766326427459717,0.5067481398582458,0.1773196905851364,0.0421886779367923,12,1,5,5
gpt2,4,ORC,h,plural,plural,ungrammatical,The volunteers who the directors,relies,rely,relies,1,1,-7.95301628112793,-13.026296615600586,5.073280334472656,7.95301628112793,13.026296615600586,5,1.1724319458007812,0.5049390196800232,0.1713178753852844,0.0415587946772575,12,1,5,5
gpt2,5,ORC,a,singular,singular,grammatical,The author who the librarian,recommends,recommends,recommend,1,1,-5.341041564941406,-9.698616027832031,4.357574462890625,5.341041564941406,9.698616027832031,5,1.3790569305419922,0.5334921479225159,0.2362217903137207,0.0520324893295764,12,1,6,6
gpt2,5,ORC,b,singular,plural,grammatical,The authors who the librarian,recommends,recommends,recommend,1,1,-4.676233291625977,-7.819711685180664,3.1434783935546875,4.676233291625977,7.819711685180664,5,1.3537200689315796,0.523690402507782,0.2506611049175262,0.0563422106206417,12,1,6,6
gpt2,5,ORC,c,singular,singular,ungrammatical,The author who the librarian,recommend,recommends,recommend,1,1,-5.341041564941406,-9.698616027832031,4.357574462890625,5.341041564941406,9.698616027832031,5,1.4117294549942017,0.5461314916610718,0.2595696747303009,0.0386750102043151,12,1,6,6
gpt2,5,ORC,d,singular,plural,ungrammatical,The authors who the librarian,recommend,recommends,recommend,1,1,-4.676233291625977,-7.819711685180664,3.1434783935546875,4.676233291625977,7.819711685180664,5,1.432930827140808,0.5543332695960999,0.2546392977237701,0.0534177534282207,12,1,6,6
gpt2,5,ORC,e,plural,singular,grammatical,The author who the librarians,recommend,recommend,recommends,1,1,-4.601177215576172,-7.493312835693359,2.8921356201171875,4.601177215576172,7.493312835693359,5,1.4523383378982544,0.5173333883285522,0.2603929936885834,0.0466413646936416,12,1,7,7
gpt2,5,ORC,f,plural,plural,grammatical,The authors who the librarians,recommend,recommend,recommends,1,1,-3.8081696033477774,-8.365191459655762,4.557021856307983,3.8081696033477774,8.365191459655762,5,1.505861759185791,0.536398708820343,0.2571871280670166,0.0577985458076,12,1,7,7
gpt2,5,ORC,g,plural,singular,ungrammatical,The author who the librarians,recommends,recommend,recommends,1,1,-4.601177215576172,-7.493312835693359,2.8921356201171875,4.601177215576172,7.493312835693359,5,1.5586103200912476,0.5551881790161133,0.2513160705566406,0.0559438653290271,12,1,7,7
gpt2,5,ORC,h,plural,plural,ungrammatical,The authors who the librarians,recommends,recommend,recommends,1,1,-3.8081696033477774,-8.365191459655762,4.557021856307983,3.8081696033477774,8.365191459655762,5,1.5645283460617063,0.5572962164878845,0.2595599591732025,0.0609218515455722,12,1,7,7
gpt2,6,ORC,a,singular,singular,grammatical,The pilot who the smuggler,employs,employs,employ,1,1,-9.134886741638184,-13.228636741638184,4.09375,9.134886741638184,13.228636741638184,5,1.2955526113510132,0.5011880993843079,0.2089228183031082,0.0353327170014381,12,1,6,6
gpt2,6,ORC,b,singular,plural,grammatical,The pilots who the smuggler,employs,employs,employ,1,1,-8.306511878967285,-11.399155616760254,3.0926437377929688,8.306511878967285,11.399155616760254,5,1.284554123878479,0.4969333708286285,0.2223192006349563,0.0363781340420246,12,1,6,6
gpt2,6,ORC,c,singular,singular,ungrammatical,The pilot who the smuggler,employ,employs,employ,1,1,-9.134886741638184,-13.228636741638184,4.09375,9.134886741638184,13.228636741638184,5,1.2642124891281128,0.4890641272068023,0.2101184576749801,0.0257452335208654,12,1,6,6
gpt2,6,ORC,d,singular,plural,ungrammatical,The pilots who the smuggler,employ,employs,employ,1,1,-8.306511878967285,-11.399155616760254,3.0926437377929688,8.306511878967285,11.399155616760254,5,1.30622398853302,0.505316436290741,0.1929682940244674,0.0426101721823215,12,1,6,6
gpt2,6,ORC,e,plural,singular,grammatical,The pilot who the smugglers,employ,employ,employs,1,1,-7.558300971984863,-12.398877143859863,4.840576171875,7.558300971984863,12.398877143859863,5,1.0935490131378174,0.4709658920764923,0.2374261021614074,0.0249283704906702,12,1,5,5
gpt2,6,ORC,f,plural,plural,grammatical,The pilots who the smugglers,employ,employ,employs,1,1,-6.210480690002441,-12.981064796447754,6.7705841064453125,6.210480690002441,12.981064796447754,5,1.1589748859405518,0.4991433918476105,0.2111664414405822,0.0315595902502536,12,1,5,5
gpt2,6,ORC,g,plural,singular,ungrammatical,The pilot who the smugglers,employs,employ,employs,1,1,-7.558300971984863,-12.398877143859863,4.840576171875,7.558300971984863,12.398877143859863,5,1.1796680688858032,0.5080553889274597,0.1882158368825912,0.0439333356916904,12,1,5,5
gpt2,6,ORC,h,plural,plural,ungrammatical,The pilots who the smugglers,employs,employ,employs,1,1,-6.210480690002441,-12.981064796447754,6.7705841064453125,6.210480690002441,12.981064796447754,5,1.1698390245437622,0.5038222670555115,0.1872881203889846,0.0358642823994159,12,1,5,5
gpt2,7,ORC,a,singular,singular,grammatical,The colleague who the researcher,spends,spends,spend,1,1,-8.896780967712402,-13.27158260345459,4.374801635742188,8.896780967712402,13.27158260345459,5,1.2335022687911987,0.5312405228614807,0.195849135518074,0.0535290986299514,12,1,5,5
gpt2,7,ORC,b,singular,plural,grammatical,The colleagues who the researcher,spends,spends,spend,1,1,-9.264121055603027,-12.805426597595217,3.5413055419921875,9.264121055603027,12.805426597595217,5,1.190965175628662,0.5129207968711853,0.2131893783807754,0.0514515191316604,12,1,5,5
gpt2,7,ORC,c,singular,singular,ungrammatical,The colleague who the researcher,spend,spends,spend,1,1,-8.896780967712402,-13.27158260345459,4.374801635742188,8.896780967712402,13.27158260345459,5,1.2191869020462036,0.5250752568244934,0.1980618238449096,0.0462884604930877,12,1,5,5
gpt2,7,ORC,d,singular,plural,ungrammatical,The colleagues who the researcher,spend,spends,spend,1,1,-9.264121055603027,-12.805426597595217,3.5413055419921875,9.264121055603027,12.805426597595217,5,1.1973029375076294,0.5156503915786743,0.1910526305437088,0.0438498891890049,12,1,5,5
gpt2,7,ORC,e,plural,singular,grammatical,The colleague who the researchers,spend,spend,spends,1,1,-9.50302505493164,-14.05752944946289,4.55450439453125,9.50302505493164,14.05752944946289,5,1.0874552726745603,0.4683414697647095,0.2032597810029983,0.0418051332235336,12,1,5,5
gpt2,7,ORC,f,plural,plural,grammatical,The colleagues who the researchers,spend,spend,spends,1,1,-9.740004539489746,-15.030440330505373,5.290435791015625,9.740004539489746,15.030440330505373,5,1.0992010831832886,0.4734001457691192,0.1884676665067672,0.0414129234850406,12,1,5,5
gpt2,7,ORC,g,plural,singular,ungrammatical,The colleague who the researchers,spends,spend,spends,1,1,-9.50302505493164,-14.05752944946289,4.55450439453125,9.50302505493164,14.05752944946289,5,1.209295392036438,0.5208151936531067,0.1680963039398193,0.0626340731978416,12,1,5,5
gpt2,7,ORC,h,plural,plural,ungrammatical,The colleagues who the researchers,spends,spend,spends,1,1,-9.740004539489746,-15.030440330505373,5.290435791015625,9.740004539489746,15.030440330505373,5,1.1930357217788696,0.5138126015663147,0.1730052977800369,0.0517630130052566,12,1,5,5
gpt2,8,ORC,a,singular,singular,grammatical,The patient who the doctor,checks,checks,check,1,1,-9.050894737243652,-11.436591148376465,2.3856964111328125,9.050894737243652,11.436591148376465,5,1.122370958328247,0.4833788573741913,0.2191972136497497,0.0420253872871398,12,1,5,5
gpt2,8,ORC,b,singular,plural,grammatical,The patients who the doctor,checks,checks,check,1,1,-8.7113618850708,-11.150235176086426,2.438873291015625,8.7113618850708,11.150235176086426,5,1.1282085180282593,0.485893040895462,0.2337013483047485,0.0502379052340984,12,1,5,5
gpt2,8,ORC,c,singular,singular,ungrammatical,The patient who the doctor,check,checks,check,1,1,-9.050894737243652,-11.436591148376465,2.3856964111328125,9.050894737243652,11.436591148376465,5,1.1310420036315918,0.487113356590271,0.2291790246963501,0.0435186363756656,12,1,5,5
gpt2,8,ORC,d,singular,plural,ungrammatical,The patients who the doctor,check,checks,check,1,1,-8.7113618850708,-11.150235176086426,2.438873291015625,8.7113618850708,11.150235176086426,5,1.1769529581069946,0.5068860650062561,0.2253677695989608,0.0546703301370143,12,1,5,5
gpt2,8,ORC,e,plural,singular,grammatical,The patient who the doctors,check,check,checks,1,1,-9.821403503417969,-13.424919128417969,3.603515625,9.821403503417969,13.424919128417969,5,1.0781818628311155,0.464347630739212,0.2405984550714492,0.0386294163763523,12,1,5,5
gpt2,8,ORC,f,plural,plural,grammatical,The patients who the doctors,check,check,checks,1,1,-9.306100845336914,-13.53611183166504,4.230010986328125,9.306100845336914,13.53611183166504,5,1.1501517295837402,0.4953434467315674,0.2308361083269119,0.0499338619410991,12,1,5,5
gpt2,8,ORC,g,plural,singular,ungrammatical,The patient who the doctors,checks,check,checks,1,1,-9.821403503417969,-13.424919128417969,3.603515625,9.821403503417969,13.424919128417969,5,1.2043198347091677,0.5186722874641418,0.1860097199678421,0.0632430016994476,12,1,5,5
gpt2,8,ORC,h,plural,plural,ungrammatical,The patients who the doctors,checks,check,checks,1,1,-9.306100845336914,-13.53611183166504,4.230010986328125,9.306100845336914,13.53611183166504,5,1.2323843240737915,0.5307590365409851,0.2023092359304428,0.052498709410429,12,1,5,5
gpt2,9,ORC,a,singular,singular,grammatical,The Marine who the officer,wants,wants,want,1,1,-7.275805473327637,-11.118914604187012,3.843109130859375,7.275805473327637,11.118914604187012,5,1.0160685777664185,0.4375968873500824,0.2155726701021194,0.0164690446108579,12,1,5,5
gpt2,9,ORC,b,singular,plural,grammatical,The Marines who the officer,wants,wants,want,1,1,-6.460925102233887,-10.203600883483888,3.74267578125,6.460925102233887,10.203600883483888,5,1.0516846179962158,0.4529359340667724,0.2116606384515762,0.0312367677688598,12,1,5,5
gpt2,9,ORC,c,singular,singular,ungrammatical,The Marine who the officer,want,wants,want,1,1,-7.275805473327637,-11.118914604187012,3.843109130859375,7.275805473327637,11.118914604187012,5,1.047045111656189,0.4509378373622894,0.2142757028341293,0.0181131716817617,12,1,5,5
gpt2,9,ORC,d,singular,plural,ungrammatical,The Marines who the officer,want,wants,want,1,1,-6.460925102233887,-10.203600883483888,3.74267578125,6.460925102233887,10.203600883483888,5,1.114790439605713,0.4801141023635864,0.1824635118246078,0.0312326233834028,12,1,5,5
gpt2,9,ORC,e,plural,singular,grammatical,The Marine who the officers,want,want,wants,1,1,-7.371270656585693,-12.180795669555664,4.809525012969971,7.371270656585693,12.180795669555664,5,0.9835358262062072,0.4235858917236328,0.2118976265192031,0.0161931309849023,12,1,5,5
gpt2,9,ORC,f,plural,plural,grammatical,The Marines who the officers,want,want,wants,1,1,-6.4387617111206055,-11.801173210144045,5.3624114990234375,6.4387617111206055,11.801173210144045,5,1.0707688331604004,0.4611550271511078,0.1817452162504196,0.0299571622163057,12,1,5,5
gpt2,9,ORC,g,plural,singular,ungrammatical,The Marine who the officers,wants,want,wants,1,1,-7.371270656585693,-12.180795669555664,4.809525012969971,7.371270656585693,12.180795669555664,5,1.0791319608688354,0.4647568166255951,0.1867521852254867,0.0264880377799272,12,1,5,5
gpt2,9,ORC,h,plural,plural,ungrammatical,The Marines who the officers,wants,want,wants,1,1,-6.4387617111206055,-11.801173210144045,5.3624114990234375,6.4387617111206055,11.801173210144045,5,1.1217232942581177,0.4830999374389648,0.1748455315828323,0.035196516662836,12,1,5,5
gpt2,10,ORC,a,singular,singular,grammatical,The sculptor who the donor,supports,supports,support,1,1,-7.040074825286865,-9.69123649597168,2.6511616706848145,7.040074825286865,9.69123649597168,5,1.2718931436538696,0.4920354187488556,0.1920909136533737,0.0512664467096328,12,1,6,6
gpt2,10,ORC,b,singular,plural,grammatical,The sculptors who the donor,supports,supports,support,1,1,-6.107477188110352,-7.928216934204102,1.82073974609375,6.107477188110352,7.928216934204102,5,1.2650452852249146,0.4893862903118133,0.2069390416145324,0.0511551089584827,12,1,6,6
gpt2,10,ORC,c,singular,singular,ungrammatical,The sculptor who the donor,support,supports,support,1,1,-7.040074825286865,-9.69123649597168,2.6511616706848145,7.040074825286865,9.69123649597168,5,1.2588328123092651,0.4869829714298248,0.2185814976692199,0.0543581210076808,12,1,6,6
gpt2,10,ORC,d,singular,plural,ungrammatical,The sculptors who the donor,support,supports,support,1,1,-6.107477188110352,-7.928216934204102,1.82073974609375,6.107477188110352,7.928216934204102,5,1.29570209980011,0.50124591588974,0.2103518843650818,0.0555917210876941,12,1,6,6
gpt2,10,ORC,e,plural,singular,grammatical,The sculptor who the donors,support,support,supports,1,1,-6.31958532333374,-11.082464218139648,4.762878894805908,6.31958532333374,11.082464218139648,5,1.1619678735733032,0.4495104849338531,0.2271090000867843,0.0433528833091259,12,1,6,6
gpt2,10,ORC,f,plural,plural,grammatical,The sculptors who the donors,support,support,supports,1,1,-5.349699974060059,-10.64207363128662,5.2923736572265625,5.349699974060059,10.64207363128662,5,1.2185537815093994,0.4714009463787079,0.2136484831571579,0.0446590632200241,12,1,6,6
gpt2,10,ORC,g,plural,singular,ungrammatical,The sculptor who the donors,supports,support,supports,1,1,-6.31958532333374,-11.082464218139648,4.762878894805908,6.31958532333374,11.082464218139648,5,1.3108924627304075,0.5071223974227905,0.1694484502077102,0.0572339035570621,12,1,6,6
gpt2,10,ORC,h,plural,plural,ungrammatical,The sculptors who the donors,supports,support,supports,1,1,-5.349699974060059,-10.64207363128662,5.2923736572265625,5.349699974060059,10.64207363128662,5,1.3191784620285034,0.5103278756141663,0.1721336841583252,0.0627976953983306,12,1,6,6
gpt2,11,ORC,a,singular,singular,grammatical,The caterer who the hostess,suggests,suggests,suggest,1,1,-8.642241477966309,-11.620238304138184,2.977996826171875,8.642241477966309,11.620238304138184,5,1.4015244245529177,0.467174768447876,0.2426779419183731,0.0494314134120941,12,1,8,8
gpt2,11,ORC,b,singular,plural,grammatical,The caterers who the hostess,suggests,suggests,suggest,1,1,-8.615887641906738,-10.619061470031738,2.003173828125,8.615887641906738,10.619061470031738,5,1.352972388267517,0.45099076628685,0.2505969107151031,0.0482864417135715,12,1,8,8
gpt2,11,ORC,c,singular,singular,ungrammatical,The caterer who the hostess,suggest,suggests,suggest,1,1,-8.642241477966309,-11.620238304138184,2.977996826171875,8.642241477966309,11.620238304138184,5,1.4351783990859983,0.4783928394317627,0.2406547516584396,0.0517044030129909,12,1,8,8
gpt2,11,ORC,d,singular,plural,ungrammatical,The caterers who the hostess,suggest,suggests,suggest,1,1,-8.615887641906738,-10.619061470031738,2.003173828125,8.615887641906738,10.619061470031738,5,1.4116894006729126,0.470563143491745,0.2263414859771728,0.0521510429680347,12,1,8,8
gpt2,11,ORC,e,plural,singular,grammatical,The caterer who the hostesses,suggest,suggest,suggests,1,1,-8.4257230758667,-12.605822563171388,4.180099487304688,8.4257230758667,12.605822563171388,5,1.3288137912750244,0.442937970161438,0.2600345909595489,0.0423067398369312,12,1,8,8
gpt2,11,ORC,f,plural,plural,grammatical,The caterers who the hostesses,suggest,suggest,suggests,1,1,-8.824051856994629,-13.41078281402588,4.58673095703125,8.824051856994629,13.41078281402588,5,1.3481874465942385,0.4493957459926605,0.233728751540184,0.0446246974170208,12,1,8,8
gpt2,11,ORC,g,plural,singular,ungrammatical,The caterer who the hostesses,suggests,suggest,suggests,1,1,-8.4257230758667,-12.605822563171388,4.180099487304688,8.4257230758667,12.605822563171388,5,1.3580818176269531,0.4526939392089844,0.2417593598365783,0.0658823177218437,12,1,8,8
gpt2,11,ORC,h,plural,plural,ungrammatical,The caterers who the hostesses,suggests,suggest,suggests,1,1,-8.824051856994629,-13.41078281402588,4.58673095703125,8.824051856994629,13.41078281402588,5,1.3105806112289429,0.4368601739406585,0.2548233568668365,0.050273597240448,12,1,8,8
gpt2,12,ORC,a,singular,singular,grammatical,The senator who the voter,listens,listens,listen,1,1,-9.065641403198242,-13.058538436889648,3.9928970336914062,9.065641403198242,13.058538436889648,5,1.062551736831665,0.4576161801815033,0.195206880569458,0.0312498193234205,12,1,5,5
gpt2,12,ORC,b,singular,plural,grammatical,The senators who the voter,listens,listens,listen,1,1,-10.348088264465332,-12.823750495910645,2.4756622314453125,10.348088264465332,12.823750495910645,5,1.0522092580795288,0.4531619250774383,0.2120714783668518,0.0330078043043613,12,1,5,5
gpt2,12,ORC,c,singular,singular,ungrammatical,The senator who the voter,listen,listens,listen,1,1,-9.065641403198242,-13.058538436889648,3.9928970336914062,9.065641403198242,13.058538436889648,5,1.1595690250396729,0.4993992745876312,0.2047116905450821,0.025817334651947,12,1,5,5
gpt2,12,ORC,d,singular,plural,ungrammatical,The senators who the voter,listen,listens,listen,1,1,-10.348088264465332,-12.823750495910645,2.4756622314453125,10.348088264465332,12.823750495910645,5,1.1915909051895142,0.5131902694702148,0.1963243931531906,0.0385032184422016,12,1,5,5
gpt2,12,ORC,e,plural,singular,grammatical,The senator who the voters,listen,listen,listens,1,1,-10.779590606689451,-14.305301666259766,3.5257110595703125,10.779590606689451,14.305301666259766,5,1.075284719467163,0.4630999863147735,0.2296895831823349,0.0291575789451599,12,1,5,5
gpt2,12,ORC,f,plural,plural,grammatical,The senators who the voters,listen,listen,listens,1,1,-10.213603973388672,-14.103801727294922,3.89019775390625,10.213603973388672,14.103801727294922,5,1.1215882301330566,0.483041763305664,0.2198996543884277,0.0299591440707445,12,1,5,5
gpt2,12,ORC,g,plural,singular,ungrammatical,The senator who the voters,listens,listen,listens,1,1,-10.779590606689451,-14.305301666259766,3.5257110595703125,10.779590606689451,14.305301666259766,5,1.1242612600326538,0.4841929972171783,0.1746097803115844,0.0408049412071704,12,1,5,5
gpt2,12,ORC,h,plural,plural,ungrammatical,The senators who the voters,listens,listen,listens,1,1,-10.213603973388672,-14.103801727294922,3.89019775390625,10.213603973388672,14.103801727294922,5,1.132055640220642,0.4875498116016388,0.1833663433790207,0.0350849814713001,12,1,5,5
gpt2,13,ORC,a,singular,singular,grammatical,The teenager who the farmer,hires,hires,hire,1,1,-10.786710739135742,-14.079374313354492,3.29266357421875,10.786710739135742,14.079374313354492,5,1.1725910902023315,0.5050075054168701,0.2164652496576309,0.0398604460060596,12,1,5,5
gpt2,13,ORC,b,singular,plural,grammatical,The teenagers who the farmer,hires,hires,hire,1,1,-9.266849517822266,-12.828433990478516,3.56158447265625,9.266849517822266,12.828433990478516,5,1.1828924417495728,0.5094440579414368,0.2349860668182373,0.0512743555009365,12,1,5,5
gpt2,13,ORC,c,singular,singular,ungrammatical,The teenager who the farmer,hire,hires,hire,1,1,-10.786710739135742,-14.079374313354492,3.29266357421875,10.786710739135742,14.079374313354492,5,1.180189609527588,0.5082800388336182,0.2012763619422912,0.0376901440322399,12,1,5,5
gpt2,13,ORC,d,singular,plural,ungrammatical,The teenagers who the farmer,hire,hires,hire,1,1,-9.266849517822266,-12.828433990478516,3.56158447265625,9.266849517822266,12.828433990478516,5,1.2506041526794434,0.5386059880256653,0.1987305730581283,0.0487092323601245,12,1,5,5
gpt2,13,ORC,e,plural,singular,grammatical,The teenager who the farmers,hire,hire,hires,1,1,-9.53375244140625,-14.50048828125,4.96673583984375,9.53375244140625,14.50048828125,5,1.1335924863815308,0.4882117509841919,0.2205291390419006,0.0321861393749713,12,1,5,5
gpt2,13,ORC,f,plural,plural,grammatical,The teenagers who the farmers,hire,hire,hires,1,1,-8.278888702392578,-13.71561050415039,5.4367218017578125,8.278888702392578,13.71561050415039,5,1.2250548601150513,0.5276024341583252,0.2056751996278762,0.0425687581300735,12,1,5,5
gpt2,13,ORC,g,plural,singular,ungrammatical,The teenager who the farmers,hires,hire,hires,1,1,-9.53375244140625,-14.50048828125,4.96673583984375,9.53375244140625,14.50048828125,5,1.234634518623352,0.531728208065033,0.1901789754629135,0.0495193190872669,12,1,5,5
gpt2,13,ORC,h,plural,plural,ungrammatical,The teenagers who the farmers,hires,hire,hires,1,1,-8.278888702392578,-13.71561050415039,5.4367218017578125,8.278888702392578,13.71561050415039,5,1.2812745571136477,0.5518149733543396,0.1988784223794937,0.0494982600212097,12,1,5,5
gpt2,14,ORC,a,singular,singular,grammatical,The goalie who the fan,holds,holds,hold,1,1,-8.455394744873047,-12.359066009521484,3.9036712646484375,8.455394744873047,12.359066009521484,5,1.1780145168304443,0.5073432326316833,0.1910057067871093,0.0382572971284389,12,1,5,5
gpt2,14,ORC,b,singular,plural,grammatical,The goalies who the fan,holds,holds,hold,1,1,-10.0625581741333,-13.046643257141112,2.9840850830078125,10.0625581741333,13.046643257141112,5,1.2837764024734497,0.4966324269771576,0.2048089951276779,0.0677692592144012,12,1,6,6
gpt2,14,ORC,c,singular,singular,ungrammatical,The goalie who the fan,hold,holds,hold,1,1,-8.455394744873047,-12.359066009521484,3.9036712646484375,8.455394744873047,12.359066009521484,5,1.195150375366211,0.5147233009338379,0.1798018217086792,0.0341897457838058,12,1,5,5
gpt2,14,ORC,d,singular,plural,ungrammatical,The goalies who the fan,hold,holds,hold,1,1,-10.0625581741333,-13.046643257141112,2.9840850830078125,10.0625581741333,13.046643257141112,5,1.3576472997665403,0.5252096056938171,0.1685421615839004,0.0763151571154594,12,1,6,6
gpt2,14,ORC,e,plural,singular,grammatical,The goalie who the fans,hold,hold,holds,1,1,-8.032984733581543,-13.234660148620604,5.201675415039063,8.032984733581543,13.234660148620604,5,1.1381676197052002,0.4901821613311767,0.1904670000076294,0.0308168083429336,12,1,5,5
gpt2,14,ORC,f,plural,plural,grammatical,The goalies who the fans,hold,hold,holds,1,1,-7.845696449279785,-13.486519813537598,5.6408233642578125,7.845696449279785,13.486519813537598,5,1.2845343351364136,0.4969256818294525,0.1716027110815048,0.061461791396141,12,1,6,6
gpt2,14,ORC,g,plural,singular,ungrammatical,The goalie who the fans,holds,hold,holds,1,1,-8.032984733581543,-13.234660148620604,5.201675415039063,8.032984733581543,13.234660148620604,5,1.2298158407211304,0.5296528935432434,0.1531899124383926,0.0585609525442123,12,1,5,5
gpt2,14,ORC,h,plural,plural,ungrammatical,The goalies who the fans,holds,hold,holds,1,1,-7.845696449279785,-13.486519813537598,5.6408233642578125,7.845696449279785,13.486519813537598,5,1.3361138105392456,0.5168793797492981,0.1477108001708984,0.0843567848205566,12,1,6,6
gpt2,15,ORC,a,singular,singular,grammatical,The quarterback who the recruiter,watches,watches,watch,1,1,-10.055414199829102,-12.545541763305664,2.4901275634765625,10.055414199829102,12.545541763305664,5,1.2430497407913208,0.4808773100376129,0.23993681371212,0.0305602382868528,12,1,6,6
gpt2,15,ORC,b,singular,plural,grammatical,The quarterbacks who the recruiter,watches,watches,watch,1,1,-8.42294692993164,-11.801883697509766,3.378936767578125,8.42294692993164,11.801883697509766,5,1.275471806526184,0.4934198558330536,0.2494964748620987,0.0389272049069404,12,1,6,6
gpt2,15,ORC,c,singular,singular,ungrammatical,The quarterback who the recruiter,watch,watches,watch,1,1,-10.055414199829102,-12.545541763305664,2.4901275634765625,10.055414199829102,12.545541763305664,5,1.22977614402771,0.4757423102855682,0.228796899318695,0.0225800778716802,12,1,6,6
gpt2,15,ORC,d,singular,plural,ungrammatical,The quarterbacks who the recruiter,watch,watches,watch,1,1,-8.42294692993164,-11.801883697509766,3.378936767578125,8.42294692993164,11.801883697509766,5,1.2942863702774048,0.5006982684135437,0.2316909879446029,0.0316790007054805,12,1,6,6
gpt2,15,ORC,e,plural,singular,grammatical,The quarterback who the recruiters,watch,watch,watches,1,1,-9.411358833312988,-13.980740547180176,4.569381713867188,9.411358833312988,13.980740547180176,5,1.1348506212234497,0.4390201866626739,0.2303765267133712,0.0237473547458648,12,1,6,6
gpt2,15,ORC,f,plural,plural,grammatical,The quarterbacks who the recruiters,watch,watch,watches,1,1,-7.818508148193359,-12.900142669677734,5.081634521484375,7.818508148193359,12.900142669677734,5,1.2114450931549072,0.4686509668827057,0.2353055924177169,0.0331762470304966,12,1,6,6
gpt2,15,ORC,g,plural,singular,ungrammatical,The quarterback who the recruiters,watches,watch,watches,1,1,-9.411358833312988,-13.980740547180176,4.569381713867188,9.411358833312988,13.980740547180176,5,1.2701700925827026,0.4913687705993652,0.217566430568695,0.0371996872127056,12,1,6,6
gpt2,15,ORC,h,plural,plural,ungrammatical,The quarterbacks who the recruiters,watches,watch,watches,1,1,-7.818508148193359,-12.900142669677734,5.081634521484375,7.818508148193359,12.900142669677734,5,1.312085509300232,0.5075839757919312,0.2326857298612594,0.0417046658694744,12,1,6,6
gpt2,16,ORC,a,singular,singular,grammatical,The publicist who the politician,uses,uses,use,1,1,-5.155597686767578,-9.191120147705078,4.0355224609375,5.155597686767578,9.191120147705078,5,1.2186673879623413,0.4714448451995849,0.204796627163887,0.0546534247696399,12,1,6,6
gpt2,16,ORC,b,singular,plural,grammatical,The publicists who the politician,uses,uses,use,1,1,-5.029282569885254,-8.054978370666504,3.02569580078125,5.029282569885254,8.054978370666504,5,1.2172653675079346,0.470902532339096,0.2158295959234237,0.0635275319218635,12,1,6,6
gpt2,16,ORC,c,singular,singular,ungrammatical,The publicist who the politician,use,uses,use,1,1,-5.155597686767578,-9.191120147705078,4.0355224609375,5.155597686767578,9.191120147705078,5,1.2532250881195068,0.4848136007785797,0.2042579501867294,0.0571742914617061,12,1,6,6
gpt2,16,ORC,d,singular,plural,ungrammatical,The publicists who the politician,use,uses,use,1,1,-5.029282569885254,-8.054978370666504,3.02569580078125,5.029282569885254,8.054978370666504,5,1.2991199493408203,0.5025681853294373,0.1797365099191665,0.091170847415924,12,1,6,6
gpt2,16,ORC,e,plural,singular,grammatical,The publicist who the politicians,use,use,uses,1,1,-4.9953484535217285,-9.939882278442385,4.944533824920654,4.9953484535217285,9.939882278442385,5,1.1661394834518433,0.4511242806911468,0.2121894210577011,0.0522698275744915,12,1,6,6
gpt2,16,ORC,f,plural,plural,grammatical,The publicists who the politicians,use,use,uses,1,1,-4.788110733032227,-10.372842788696287,5.584732055664063,4.788110733032227,10.372842788696287,5,1.244145750999451,0.4813012778759002,0.1879659742116928,0.0705134943127632,12,1,6,6
gpt2,16,ORC,g,plural,singular,ungrammatical,The publicist who the politicians,uses,use,uses,1,1,-4.9953484535217285,-9.939882278442385,4.944533824920654,4.9953484535217285,9.939882278442385,5,1.2766138315200806,0.493861585855484,0.1755160242319107,0.077970303595066,12,1,6,6
gpt2,16,ORC,h,plural,plural,ungrammatical,The publicists who the politicians,uses,use,uses,1,1,-4.788110733032227,-10.372842788696287,5.584732055664063,4.788110733032227,10.372842788696287,5,1.2983884811401367,0.5022851824760437,0.1759777069091797,0.0769041255116462,12,1,6,6
gpt2,17,ORC,a,singular,singular,grammatical,The tenant who the landlord strongly,disapproves,disapproves,disapprove,2,1,-2.8894228488206863,-8.308237075805664,5.418814226984978,2.8894228488206863,8.308237075805664,5,1.338706374168396,0.5178823471069336,0.0739868804812431,0.0358482673764228,12,2,6,6
gpt2,17,ORC,b,singular,plural,grammatical,The tenants who the landlord strongly,disapproves,disapproves,disapprove,2,1,-4.114873617887497,-4.6267805099487305,0.5119068920612335,4.114873617887497,4.6267805099487305,5,1.374280571937561,0.531644344329834,0.0742192789912223,0.0399989858269691,12,2,6,6
gpt2,17,ORC,c,singular,singular,ungrammatical,The tenant who the landlord strongly,disapprove,disapproves,disapprove,2,1,-2.8894228488206863,-8.308237075805664,5.418814226984978,2.8894228488206863,8.308237075805664,5,1.296743392944336,0.5016487836837769,0.0714091807603836,0.0290100369602441,12,1,6,6
gpt2,17,ORC,d,singular,plural,ungrammatical,The tenants who the landlord strongly,disapprove,disapproves,disapprove,2,1,-4.114873617887497,-4.6267805099487305,0.5119068920612335,4.114873617887497,4.6267805099487305,5,1.3418617248535156,0.5191029906272888,0.0626168474555015,0.0481253303587436,12,1,6,6
gpt2,17,ORC,e,plural,singular,grammatical,The tenant who the landlords strongly,disapprove,disapprove,disapproves,1,2,-3.405829429626465,-5.776841759681702,2.371012330055237,3.405829429626465,5.776841759681702,5,1.271154761314392,0.4917497634887695,0.1023802533745765,0.0255892369896173,12,1,6,6
gpt2,17,ORC,f,plural,plural,grammatical,The tenants who the landlords strongly,disapprove,disapprove,disapproves,1,2,-3.536001205444336,-10.71367645263672,7.177675247192383,3.536001205444336,10.71367645263672,5,1.3439565896987915,0.5199134349822998,0.0832798480987548,0.0419815480709075,12,1,6,6
gpt2,17,ORC,g,plural,singular,ungrammatical,The tenant who the landlords strongly,disapproves,disapprove,disapproves,1,2,-3.405829429626465,-5.776841759681702,2.371012330055237,3.405829429626465,5.776841759681702,5,1.3643569946289062,0.5278053283691406,0.0847393870353698,0.0356781743466854,12,2,6,6
gpt2,17,ORC,h,plural,plural,ungrammatical,The tenants who the landlords strongly,disapproves,disapprove,disapproves,1,2,-3.536001205444336,-10.71367645263672,7.177675247192383,3.536001205444336,10.71367645263672,5,1.4084068536758425,0.5448461174964905,0.079911969602108,0.0426016859710216,12,2,6,6
gpt2,18,ORC,a,singular,singular,grammatical,The skateboarder who the kid,admires,admires,admire,2,1,-8.90434298850596,-12.16696834564209,3.2626253571361303,8.90434298850596,12.16696834564209,5,1.102939486503601,0.3928749561309814,0.1595740616321563,0.0369276069104671,12,2,7,7
gpt2,18,ORC,b,singular,plural,grammatical,The skateboarders who the kid,admires,admires,admire,2,1,-9.29959489312023,-11.51001262664795,2.21041773352772,9.29959489312023,11.51001262664795,5,1.136087417602539,0.4046824276447296,0.1676976829767227,0.0427039675414562,12,2,7,7
gpt2,18,ORC,c,singular,singular,ungrammatical,The skateboarder who the kid,admire,admires,admire,2,1,-8.90434298850596,-12.16696834564209,3.2626253571361303,8.90434298850596,12.16696834564209,5,1.2503074407577517,0.4453685283660888,0.1878197789192199,0.0438575558364391,12,1,7,7
gpt2,18,ORC,d,singular,plural,ungrammatical,The skateboarders who the kid,admire,admires,admire,2,1,-9.29959489312023,-11.51001262664795,2.21041773352772,9.29959489312023,11.51001262664795,5,1.2893942594528198,0.45929154753685,0.1765186041593551,0.0590907298028469,12,1,7,7
gpt2,18,ORC,e,plural,singular,grammatical,The skateboarder who the kids,admire,admire,admires,1,2,-8.790715217590332,-11.641967296600342,2.8512520790100098,8.790715217590332,11.641967296600342,5,1.1560049057006836,0.4117772281169891,0.2105431109666824,0.0369768775999546,12,1,7,7
gpt2,18,ORC,f,plural,plural,grammatical,The skateboarders who the kids,admire,admire,admires,1,2,-8.492664337158203,-12.845962584018707,4.353298246860504,8.492664337158203,12.845962584018707,5,1.2229019403457642,0.435606449842453,0.1944101601839065,0.0451007485389709,12,1,7,7
gpt2,18,ORC,g,plural,singular,ungrammatical,The skateboarder who the kids,admires,admire,admires,1,2,-8.790715217590332,-11.641967296600342,2.8512520790100098,8.790715217590332,11.641967296600342,5,1.0786086320877075,0.3842081725597381,0.1723131984472274,0.0348882190883159,12,2,7,7
gpt2,18,ORC,h,plural,plural,ungrammatical,The skateboarders who the kids,admires,admire,admires,1,2,-8.492664337158203,-12.845962584018707,4.353298246860504,8.492664337158203,12.845962584018707,5,1.1131538152694702,0.396513432264328,0.1723793596029281,0.0400654859840869,12,2,7,7
gpt2,19,ORC,a,singular,singular,grammatical,The chef who the gourmet,visits,visits,visit,1,1,-9.607433319091797,-10.472301483154297,0.8648681640625,9.607433319091797,10.472301483154297,5,1.3594341278076172,0.5259009003639221,0.2493807226419448,0.0400501303374767,12,1,6,6
gpt2,19,ORC,b,singular,plural,grammatical,The chefs who the gourmet,visits,visits,visit,1,1,-10.405112266540527,-10.61056423187256,0.2054519653320312,10.405112266540527,10.61056423187256,5,1.3723098039627075,0.530881941318512,0.2577728927135467,0.0466590858995914,12,1,6,6
gpt2,19,ORC,c,singular,singular,ungrammatical,The chef who the gourmet,visit,visits,visit,1,1,-9.607433319091797,-10.472301483154297,0.8648681640625,9.607433319091797,10.472301483154297,5,1.2864515781402588,0.4976673424243927,0.2626053392887115,0.0362912379205226,12,1,6,6
gpt2,19,ORC,d,singular,plural,ungrammatical,The chefs who the gourmet,visit,visits,visit,1,1,-10.405112266540527,-10.61056423187256,0.2054519653320312,10.405112266540527,10.61056423187256,5,1.3855441808700562,0.5360015630722046,0.2513277232646942,0.0518190898001194,12,1,6,6
gpt2,19,ORC,e,plural,singular,grammatical,The chef who the gourmets,visit,visit,visits,1,1,-8.075518608093262,-11.890292167663574,3.814773559570313,8.075518608093262,11.890292167663574,5,1.4044604301452637,0.4681534767150879,0.2557570040225982,0.0302592981606721,12,1,8,8
gpt2,19,ORC,f,plural,plural,grammatical,The chefs who the gourmets,visit,visit,visits,1,1,-6.742091655731201,-11.66543197631836,4.923340320587158,6.742091655731201,11.66543197631836,5,1.468461513519287,0.4894871413707733,0.2259736806154251,0.0505907572805881,12,1,8,8
gpt2,19,ORC,g,plural,singular,ungrammatical,The chef who the gourmets,visits,visit,visits,1,1,-8.075518608093262,-11.890292167663574,3.814773559570313,8.075518608093262,11.890292167663574,5,1.454142928123474,0.4847142696380615,0.2136095762252807,0.0445479303598403,12,1,8,8
gpt2,19,ORC,h,plural,plural,ungrammatical,The chefs who the gourmets,visits,visit,visits,1,1,-6.742091655731201,-11.66543197631836,4.923340320587158,6.742091655731201,11.66543197631836,5,1.5089019536972046,0.5029672980308533,0.2351907938718795,0.0444602370262146,12,1,8,8
gpt2,20,ORC,a,singular,singular,grammatical,The firefighter who the ranger,keeps,keeps,keep,1,1,-9.290950775146484,-13.123104095458984,3.8321533203125,9.290950775146484,13.123104095458984,5,1.125265121459961,0.4846253395080566,0.2025193721055984,0.0392547324299812,12,1,5,5
gpt2,20,ORC,b,singular,plural,grammatical,The firefighters who the ranger,keeps,keeps,keep,1,1,-9.027338027954102,-11.848077774047852,2.82073974609375,9.027338027954102,11.848077774047852,5,1.1117985248565674,0.4788255989551544,0.2181043624877929,0.0384875833988189,12,1,5,5
gpt2,20,ORC,c,singular,singular,ungrammatical,The firefighter who the ranger,keep,keeps,keep,1,1,-9.290950775146484,-13.123104095458984,3.8321533203125,9.290950775146484,13.123104095458984,5,1.184451937675476,0.5101157426834106,0.1904587000608444,0.0367388203740119,12,1,5,5
gpt2,20,ORC,d,singular,plural,ungrammatical,The firefighters who the ranger,keep,keeps,keep,1,1,-9.027338027954102,-11.848077774047852,2.82073974609375,9.027338027954102,11.848077774047852,5,1.2217793464660645,0.526191771030426,0.1833284497261047,0.0445810072124004,12,1,5,5
gpt2,20,ORC,e,plural,singular,grammatical,The firefighter who the rangers,keep,keep,keeps,1,1,-9.244375228881836,-13.667531967163086,4.42315673828125,9.244375228881836,13.667531967163086,5,1.1427136659622192,0.4420620203018188,0.222334399819374,0.0302274581044912,12,1,6,6
gpt2,20,ORC,f,plural,plural,grammatical,The firefighters who the rangers,keep,keep,keeps,1,1,-8.535205841064453,-13.807971954345703,5.27276611328125,8.535205841064453,13.807971954345703,5,1.2103582620620728,0.4682304859161377,0.2132407426834106,0.0363744907081127,12,1,6,6
gpt2,20,ORC,g,plural,singular,ungrammatical,The firefighter who the rangers,keeps,keep,keeps,1,1,-9.244375228881836,-13.667531967163086,4.42315673828125,9.244375228881836,13.667531967163086,5,1.248619556427002,0.4830319583415985,0.1924005597829818,0.0438923425972461,12,1,6,6
gpt2,20,ORC,h,plural,plural,ungrammatical,The firefighters who the rangers,keeps,keep,keeps,1,1,-8.535205841064453,-13.807971954345703,5.27276611328125,8.535205841064453,13.807971954345703,5,1.2390533685684204,0.479331225156784,0.2109545022249221,0.0375157780945301,12,1,6,6
gpt2,21,ORC,a,singular,singular,grammatical,The overseer who the worker,distrusts,distrusts,distrust,2,1,-12.227777160704136,-12.150653839111328,-0.0771233215928077,12.227777160704136,12.150653839111328,5,1.2404946088790894,0.4798888266086578,0.1560404002666473,0.0558419078588485,12,2,6,6
gpt2,21,ORC,b,singular,plural,grammatical,The overseers who the worker,distrusts,distrusts,distrust,2,1,-13.330485463142397,-11.980602264404297,-1.349883198738098,13.330485463142397,11.980602264404297,5,1.2896876335144043,0.4989192485809326,0.1465733796358108,0.0726795122027397,12,2,6,6
gpt2,21,ORC,c,singular,singular,ungrammatical,The overseer who the worker,distrust,distrusts,distrust,2,1,-12.227777160704136,-12.150653839111328,-0.0771233215928077,12.227777160704136,12.150653839111328,5,1.2404946088790894,0.4798887968063354,0.1560403704643249,0.0558418966829776,12,1,6,6
gpt2,21,ORC,d,singular,plural,ungrammatical,The overseers who the worker,distrust,distrusts,distrust,2,1,-13.330485463142397,-11.980602264404297,-1.349883198738098,13.330485463142397,11.980602264404297,5,1.289687991142273,0.4989193975925445,0.1465734094381332,0.0726794824004173,12,1,6,6
gpt2,21,ORC,e,plural,singular,grammatical,The overseer who the workers,distrust,distrust,distrusts,1,2,-11.900918960571287,-15.22275972366333,3.321840763092041,11.900918960571287,15.22275972366333,5,1.2132503986358645,0.4693492949008941,0.1726479530334472,0.0524721257388591,12,1,6,6
gpt2,21,ORC,f,plural,plural,grammatical,The overseers who the workers,distrust,distrust,distrusts,1,2,-11.56701946258545,-17.576475143432617,6.009455680847168,11.56701946258545,17.576475143432617,5,1.2787790298461914,0.4946992397308349,0.1568550616502761,0.0659675896167755,12,1,6,6
gpt2,21,ORC,g,plural,singular,ungrammatical,The overseer who the workers,distrusts,distrust,distrusts,1,2,-11.900918960571287,-15.22275972366333,3.321840763092041,11.900918960571287,15.22275972366333,5,1.2132503986358645,0.4693492949008941,0.1726478934288025,0.0524721257388591,12,2,6,6
gpt2,21,ORC,h,plural,plural,ungrammatical,The overseers who the workers,distrusts,distrust,distrusts,1,2,-11.56701946258545,-17.576475143432617,6.009455680847168,11.56701946258545,17.576475143432617,5,1.2787792682647705,0.4946993291378021,0.1568550616502761,0.0659676119685173,12,2,6,6
gpt2,22,ORC,a,singular,singular,grammatical,The heiress who the bachelor,pursues,pursues,pursue,2,1,-9.728951239259914,-12.195207595825195,2.4662563565652817,9.728951239259914,12.195207595825195,5,1.2788748741149902,0.4555444419384002,0.1513309627771377,0.0944006666541099,12,2,7,7
gpt2,22,ORC,b,singular,plural,grammatical,The heiresses who the bachelor,pursues,pursues,pursue,2,1,-8.047843372449279,-11.304829597473145,3.2569862250238657,8.047843372449279,11.304829597473145,5,1.2978838682174685,0.462315559387207,0.1636529117822647,0.0960131511092186,12,2,7,7
gpt2,22,ORC,c,singular,singular,ungrammatical,The heiress who the bachelor,pursue,pursues,pursue,2,1,-9.728951239259914,-12.195207595825195,2.4662563565652817,9.728951239259914,12.195207595825195,5,1.363064885139465,0.4855335056781769,0.1854318976402282,0.0888328254222869,12,1,7,7
gpt2,22,ORC,d,singular,plural,ungrammatical,The heiresses who the bachelor,pursue,pursues,pursue,2,1,-8.047843372449279,-11.304829597473145,3.2569862250238657,8.047843372449279,11.304829597473145,5,1.389407515525818,0.4949169456958771,0.1716056913137436,0.115969531238079,12,1,7,7
gpt2,22,ORC,e,plural,singular,grammatical,The heiress who the bachelors,pursue,pursue,pursues,1,2,-9.869000434875488,-8.983098598197103,-0.8859018366783857,9.869000434875488,8.983098598197103,5,1.4458414316177368,0.4561122357845306,0.240037515759468,0.0649124607443809,12,1,9,9
gpt2,22,ORC,f,plural,plural,grammatical,The heiresses who the bachelors,pursue,pursue,pursues,1,2,-7.955573081970215,-9.241619646549225,1.28604656457901,7.955573081970215,9.241619646549225,5,1.52017080783844,0.479560524225235,0.2194625735282898,0.0900982692837715,12,1,9,9
gpt2,22,ORC,g,plural,singular,ungrammatical,The heiress who the bachelors,pursues,pursue,pursues,1,2,-9.869000434875488,-8.983098598197103,-0.8859018366783857,9.869000434875488,8.983098598197103,5,1.4150434732437134,0.4463965594768524,0.1804564744234085,0.07822897285223,12,2,9,9
gpt2,22,ORC,h,plural,plural,ungrammatical,The heiresses who the bachelors,pursues,pursue,pursues,1,2,-7.955573081970215,-9.241619646549225,1.28604656457901,7.955573081970215,9.241619646549225,5,1.456976056098938,0.4596247971057892,0.1866186708211898,0.079310841858387,12,2,9,9
gpt2,23,ORC,a,singular,singular,grammatical,The actor who the producer,considers,considers,consider,1,1,-6.172634124755859,-10.574932098388672,4.4022979736328125,6.172634124755859,10.574932098388672,5,1.158352255821228,0.4988751411437988,0.1920475512742996,0.0388644076883792,12,1,5,5
gpt2,23,ORC,b,singular,plural,grammatical,The actors who the producer,considers,considers,consider,1,1,-5.65931510925293,-9.700605392456056,4.041290283203125,5.65931510925293,9.700605392456056,5,1.163274168968201,0.500994861125946,0.2009196877479553,0.0503754056990146,12,1,5,5
gpt2,23,ORC,c,singular,singular,ungrammatical,The actor who the producer,consider,considers,consider,1,1,-6.172634124755859,-10.574932098388672,4.4022979736328125,6.172634124755859,10.574932098388672,5,1.2099419832229614,0.5210936665534973,0.1896945685148239,0.0371028967201709,12,1,5,5
gpt2,23,ORC,d,singular,plural,ungrammatical,The actors who the producer,consider,considers,consider,1,1,-5.65931510925293,-9.700605392456056,4.041290283203125,5.65931510925293,9.700605392456056,5,1.243593692779541,0.5355866551399231,0.1784752160310745,0.0459701530635356,12,1,5,5
gpt2,23,ORC,e,plural,singular,grammatical,The actor who the producers,consider,consider,considers,1,1,-6.060009956359863,-10.116253852844238,4.056243896484375,6.060009956359863,10.116253852844238,5,1.1364960670471191,0.4894622266292572,0.2025066614151001,0.0302362665534019,12,1,5,5
gpt2,23,ORC,f,plural,plural,grammatical,The actors who the producers,consider,consider,considers,1,1,-5.794732093811035,-10.68654727935791,4.891815185546875,5.794732093811035,10.68654727935791,5,1.1866047382354736,0.5110428333282471,0.1836365610361099,0.0374658517539501,12,1,5,5
gpt2,23,ORC,g,plural,singular,ungrammatical,The actor who the producers,considers,consider,considers,1,1,-6.060009956359863,-10.116253852844238,4.056243896484375,6.060009956359863,10.116253852844238,5,1.1789098978042605,0.5077288746833801,0.1647786051034927,0.0378962568938732,12,1,5,5
gpt2,23,ORC,h,plural,plural,ungrammatical,The actors who the producers,considers,consider,considers,1,1,-5.794732093811035,-10.68654727935791,4.891815185546875,5.794732093811035,10.68654727935791,5,1.1942418813705444,0.5143320560455322,0.1621195524930954,0.0479634962975978,12,1,5,5
gpt2,24,ORC,a,singular,singular,grammatical,The accountant who the administrator,depends,depends,depend,1,1,-10.38003921508789,-13.587451934814451,3.2074127197265625,10.38003921508789,13.587451934814451,5,1.2580755949020386,0.54182368516922,0.176160454750061,0.0484769642353057,12,1,5,5
gpt2,24,ORC,b,singular,plural,grammatical,The accountants who the administrator,depends,depends,depend,1,1,-10.12630558013916,-12.928597450256348,2.8022918701171875,10.12630558013916,12.928597450256348,5,1.2873172760009766,0.498002290725708,0.1878391057252884,0.0475181490182876,12,1,6,6
gpt2,24,ORC,c,singular,singular,ungrammatical,The accountant who the administrator,depend,depends,depend,1,1,-10.38003921508789,-13.587451934814451,3.2074127197265625,10.38003921508789,13.587451934814451,5,1.273360013961792,0.5484063029289246,0.1835651397705078,0.0498899780213832,12,1,5,5
gpt2,24,ORC,d,singular,plural,ungrammatical,The accountants who the administrator,depend,depends,depend,1,1,-10.12630558013916,-12.928597450256348,2.8022918701171875,10.12630558013916,12.928597450256348,5,1.2995003461837769,0.5027154088020325,0.1742665022611618,0.0569102466106414,12,1,6,6
gpt2,24,ORC,e,plural,singular,grammatical,The accountant who the administrators,depend,depend,depends,1,1,-9.921798706054688,-14.476272583007812,4.554473876953125,9.921798706054688,14.476272583007812,5,1.194931149482727,0.5146288871765137,0.2145828455686569,0.0410697869956493,12,1,5,5
gpt2,24,ORC,f,plural,plural,grammatical,The accountants who the administrators,depend,depend,depends,1,1,-9.425813674926758,-14.58769416809082,5.161880493164063,9.425813674926758,14.58769416809082,5,1.2400221824645996,0.4797060489654541,0.2024868726730346,0.0386533997952938,12,1,6,6
gpt2,24,ORC,g,plural,singular,ungrammatical,The accountant who the administrators,depends,depend,depends,1,1,-9.921798706054688,-14.476272583007812,4.554473876953125,9.921798706054688,14.476272583007812,5,1.3009982109069824,0.5603094696998596,0.1762915402650833,0.0528864152729511,12,1,5,5
gpt2,24,ORC,h,plural,plural,ungrammatical,The accountants who the administrators,depends,depend,depends,1,1,-9.425813674926758,-14.58769416809082,5.161880493164063,9.425813674926758,14.58769416809082,5,1.334581971168518,0.5162867903709412,0.1811684519052505,0.0550602786242961,12,1,6,6
gpt2,25,ORC,a,singular,singular,grammatical,The orphan who the nun,tutors,tutors,tutor,2,1,-10.921322107315063,-12.421159744262695,1.4998376369476318,10.921322107315063,12.421159744262695,5,1.184878706932068,0.5102995038032532,0.1973703950643539,0.0226726066321134,12,2,5,5
gpt2,25,ORC,b,singular,plural,grammatical,The orphans who the nun,tutors,tutors,tutor,2,1,-10.031702756881714,-11.91647720336914,1.8847744464874268,10.031702756881714,11.91647720336914,5,1.216860294342041,0.5240731835365295,0.2020913958549499,0.0297248605638742,12,2,5,5
gpt2,25,ORC,c,singular,singular,ungrammatical,The orphan who the nun,tutor,tutors,tutor,2,1,-10.921322107315063,-12.421159744262695,1.4998376369476318,10.921322107315063,12.421159744262695,5,1.1911108493804932,0.512983500957489,0.2042031437158584,0.0274389311671257,12,1,5,5
gpt2,25,ORC,d,singular,plural,ungrammatical,The orphans who the nun,tutor,tutors,tutor,2,1,-10.031702756881714,-11.91647720336914,1.8847744464874268,10.031702756881714,11.91647720336914,5,1.2381881475448608,0.5332586169242859,0.2120831459760666,0.0380411744117736,12,1,5,5
gpt2,25,ORC,e,plural,singular,grammatical,The orphan who the nuns,tutor,tutor,tutors,1,2,-12.521753311157228,-13.1863853931427,0.6646320819854736,12.521753311157228,13.1863853931427,5,1.1882532835006714,0.5117529034614563,0.1985594034194946,0.0260484609752893,12,1,5,5
gpt2,25,ORC,f,plural,plural,grammatical,The orphans who the nuns,tutor,tutor,tutors,1,2,-12.709691047668455,-12.855006217956545,0.1453151702880859,12.709691047668455,12.855006217956545,5,1.2556074857711792,0.5407606959342957,0.1995899230241775,0.0366698168218135,12,1,5,5
gpt2,25,ORC,g,plural,singular,ungrammatical,The orphan who the nuns,tutors,tutor,tutors,1,2,-12.521753311157228,-13.1863853931427,0.6646320819854736,12.521753311157228,13.1863853931427,5,1.215664029121399,0.5235579609870911,0.1928672939538955,0.0241135563701391,12,2,5,5
gpt2,25,ORC,h,plural,plural,ungrammatical,The orphans who the nuns,tutors,tutor,tutors,1,2,-12.709691047668455,-12.855006217956545,0.1453151702880859,12.709691047668455,12.855006217956545,5,1.2636243104934692,0.5442134737968445,0.1924678832292556,0.0316188968718051,12,2,5,5
gpt2,26,ORC,a,singular,singular,grammatical,The translator who the diplomat,needs,needs,need,1,1,-8.011970520019531,-11.424232482910156,3.412261962890625,8.011970520019531,11.424232482910156,5,1.185361385345459,0.510507345199585,0.171265497803688,0.0350718684494495,12,1,5,5
gpt2,26,ORC,b,singular,plural,grammatical,The translators who the diplomat,needs,needs,need,1,1,-7.0992937088012695,-9.796162605285645,2.696868896484375,7.0992937088012695,9.796162605285645,5,1.214419960975647,0.4698017835617065,0.1846017241477966,0.0406468473374843,12,1,6,6
gpt2,26,ORC,c,singular,singular,ungrammatical,The translator who the diplomat,need,needs,need,1,1,-8.011970520019531,-11.424232482910156,3.412261962890625,8.011970520019531,11.424232482910156,5,1.178627848625183,0.5076074004173279,0.1822879314422607,0.0369079373776912,12,1,5,5
gpt2,26,ORC,d,singular,plural,ungrammatical,The translators who the diplomat,need,needs,need,1,1,-7.0992937088012695,-9.796162605285645,2.696868896484375,7.0992937088012695,9.796162605285645,5,1.2455549240112305,0.4818463623523712,0.1633226126432418,0.0532007776200771,12,1,6,6
gpt2,26,ORC,e,plural,singular,grammatical,The translator who the diplomats,need,need,needs,1,1,-7.771235466003418,-11.629542350769045,3.858306884765625,7.771235466003418,11.629542350769045,5,1.1051546335220337,0.4759641885757446,0.2016108185052871,0.0315974541008472,12,1,5,5
gpt2,26,ORC,f,plural,plural,grammatical,The translators who the diplomats,need,need,needs,1,1,-6.800213813781738,-11.492840766906738,4.692626953125,6.800213813781738,11.492840766906738,5,1.189850926399231,0.4602971076965332,0.1719089895486831,0.0425192862749099,12,1,6,6
gpt2,26,ORC,g,plural,singular,ungrammatical,The translator who the diplomats,needs,need,needs,1,1,-7.771235466003418,-11.629542350769045,3.858306884765625,7.771235466003418,11.629542350769045,5,1.2001752853393557,0.5168873071670532,0.1636169701814651,0.0460541285574436,12,1,5,5
gpt2,26,ORC,h,plural,plural,ungrammatical,The translators who the diplomats,needs,need,needs,1,1,-6.800213813781738,-11.492840766906738,4.692626953125,6.800213813781738,11.492840766906738,5,1.2548391819000244,0.4854380190372467,0.1596951931715011,0.0467043630778789,12,1,6,6
gpt2,27,ORC,a,singular,singular,grammatical,The dancer who the host,applauds,applauds,applaud,2,1,-11.927016573026776,-11.896835327148438,-0.0301812458783388,11.927016573026776,11.896835327148438,5,1.2301634550094604,0.5298025608062744,0.1704993396997451,0.0561363883316516,12,2,5,5
gpt2,27,ORC,b,singular,plural,grammatical,The dancers who the host,applauds,applauds,applaud,2,1,-13.464064359664915,-10.429654121398926,-3.034410238265991,13.464064359664915,10.429654121398926,5,1.2606630325317385,0.5429380536079407,0.1531531661748886,0.0854168757796287,12,2,5,5
gpt2,27,ORC,c,singular,singular,ungrammatical,The dancer who the host,applaud,applauds,applaud,2,1,-11.927016573026776,-11.896835327148438,-0.0301812458783388,11.927016573026776,11.896835327148438,5,1.2301634550094604,0.5298025608062744,0.1704993396997451,0.0561363883316516,12,1,5,5
gpt2,27,ORC,d,singular,plural,ungrammatical,The dancers who the host,applaud,applauds,applaud,2,1,-13.464064359664915,-10.429654121398926,-3.034410238265991,13.464064359664915,10.429654121398926,5,1.2606630325317385,0.5429380536079407,0.1531531661748886,0.0854168757796287,12,1,5,5
gpt2,27,ORC,e,plural,singular,grammatical,The dancer who the hosts,applaud,applaud,applauds,1,2,-10.056803703308104,-10.640500903129578,0.5836971998214722,10.056803703308104,10.640500903129578,5,1.2272138595581057,0.5285322666168213,0.1846662014722824,0.0595998577773571,12,1,5,5
gpt2,27,ORC,f,plural,plural,grammatical,The dancers who the hosts,applaud,applaud,applauds,1,2,-9.39467430114746,-14.72691249847412,5.33223819732666,9.39467430114746,14.72691249847412,5,1.254276156425476,0.5401873588562012,0.1627228111028671,0.078801654279232,12,1,5,5
gpt2,27,ORC,g,plural,singular,ungrammatical,The dancer who the hosts,applauds,applaud,applauds,1,2,-10.056803703308104,-10.640500903129578,0.5836971998214722,10.056803703308104,10.640500903129578,5,1.2272138595581057,0.5285322666168213,0.1846662014722824,0.0595998577773571,12,2,5,5
gpt2,27,ORC,h,plural,plural,ungrammatical,The dancers who the hosts,applauds,applaud,applauds,1,2,-9.39467430114746,-14.72691249847412,5.33223819732666,9.39467430114746,14.72691249847412,5,1.254276156425476,0.5401873588562012,0.1627228111028671,0.078801654279232,12,2,5,5
gpt2,28,ORC,a,singular,singular,grammatical,The supervisor who the counselor,reports,reports,report,1,1,-6.262989044189453,-9.921222686767578,3.658233642578125,6.262989044189453,9.921222686767578,5,1.2124212980270386,0.5221614837646484,0.1923195719718933,0.0384210161864757,12,1,5,5
gpt2,28,ORC,b,singular,plural,grammatical,The supervisors who the counselor,reports,reports,report,1,1,-5.983794212341309,-9.000563621520996,3.0167694091796875,5.983794212341309,9.000563621520996,5,1.18989360332489,0.5124593377113342,0.209249272942543,0.0404037497937679,12,1,5,5
gpt2,28,ORC,c,singular,singular,ungrammatical,The supervisor who the counselor,report,reports,report,1,1,-6.262989044189453,-9.921222686767578,3.658233642578125,6.262989044189453,9.921222686767578,5,1.1948565244674685,0.5145967602729797,0.188575878739357,0.0365348793566226,12,1,5,5
gpt2,28,ORC,d,singular,plural,ungrammatical,The supervisors who the counselor,report,reports,report,1,1,-5.983794212341309,-9.000563621520996,3.0167694091796875,5.983794212341309,9.000563621520996,5,1.221023678779602,0.5258662700653076,0.1801763772964477,0.0468961782753467,12,1,5,5
gpt2,28,ORC,e,plural,singular,grammatical,The supervisor who the counselors,report,report,reports,1,1,-6.910345077514648,-10.184652328491213,3.2743072509765625,6.910345077514648,10.184652328491213,5,1.1341687440872192,0.4884598553180694,0.1964602321386337,0.0351984500885009,12,1,5,5
gpt2,28,ORC,f,plural,plural,grammatical,The supervisors who the counselors,report,report,reports,1,1,-6.520712852478027,-11.03452205657959,4.5138092041015625,6.520712852478027,11.03452205657959,5,1.162895679473877,0.5008319020271301,0.179866686463356,0.039290152490139,12,1,5,5
gpt2,28,ORC,g,plural,singular,ungrammatical,The supervisor who the counselors,reports,report,reports,1,1,-6.910345077514648,-10.184652328491213,3.2743072509765625,6.910345077514648,10.184652328491213,5,1.2641277313232422,0.5444301962852478,0.1528498381376266,0.0526184327900409,12,1,5,5
gpt2,28,ORC,h,plural,plural,ungrammatical,The supervisors who the counselors,reports,report,reports,1,1,-6.520712852478027,-11.03452205657959,4.5138092041015625,6.520712852478027,11.03452205657959,5,1.2466150522232056,0.5368878841400146,0.1564299762248993,0.0426527746021747,12,1,5,5
gpt2,29,ORC,a,singular,singular,grammatical,The commentator who the viewer,trusts,trusts,trust,1,1,-5.918306350708008,-9.220659255981444,3.302352905273437,5.918306350708008,9.220659255981444,5,1.1339010000228882,0.4883446395397186,0.2046032696962356,0.0370208323001861,12,1,5,5
gpt2,29,ORC,b,singular,plural,grammatical,The commentators who the viewer,trusts,trusts,trust,1,1,-5.690206527709961,-9.070486068725586,3.380279541015625,5.690206527709961,9.070486068725586,5,1.177470326423645,0.5071088671684265,0.2219091057777404,0.043845560401678,12,1,5,5
gpt2,29,ORC,c,singular,singular,ungrammatical,The commentator who the viewer,trust,trusts,trust,1,1,-5.918306350708008,-9.220659255981444,3.302352905273437,5.918306350708008,9.220659255981444,5,1.155205488204956,0.4975199699401855,0.1972487419843673,0.0399483777582645,12,1,5,5
gpt2,29,ORC,d,singular,plural,ungrammatical,The commentators who the viewer,trust,trusts,trust,1,1,-5.690206527709961,-9.070486068725586,3.380279541015625,5.690206527709961,9.070486068725586,5,1.2319157123565674,0.5305572152137756,0.1804618388414383,0.0581738017499446,12,1,5,5
gpt2,29,ORC,e,plural,singular,grammatical,The commentator who the viewers,trust,trust,trusts,1,1,-6.070192813873291,-9.866640090942385,3.796447277069092,6.070192813873291,9.866640090942385,5,1.0815685987472534,0.4658062160015106,0.2416718453168869,0.0345325283706188,12,1,5,5
gpt2,29,ORC,f,plural,plural,grammatical,The commentators who the viewers,trust,trust,trusts,1,1,-6.548635482788086,-10.722036361694336,4.17340087890625,6.548635482788086,10.722036361694336,5,1.214858889579773,0.5232112407684326,0.2191977947950363,0.048256192356348,12,1,5,5
gpt2,29,ORC,g,plural,singular,ungrammatical,The commentator who the viewers,trusts,trust,trusts,1,1,-6.070192813873291,-9.866640090942385,3.796447277069092,6.070192813873291,9.866640090942385,5,1.203593373298645,0.5183594822883606,0.2052724510431289,0.0481396466493606,12,1,5,5
gpt2,29,ORC,h,plural,plural,ungrammatical,The commentators who the viewers,trusts,trust,trusts,1,1,-6.548635482788086,-10.722036361694336,4.17340087890625,6.548635482788086,10.722036361694336,5,1.273121356964111,0.5483035445213318,0.214333176612854,0.0493697114288806,12,1,5,5
gpt2,30,ORC,a,singular,singular,grammatical,The journalist who the editor,appreciates,appreciates,appreciate,2,1,-11.701028938405216,-16.109888076782227,4.408859138377011,11.701028938405216,16.109888076782227,5,1.157237887382507,0.4983951151371002,0.1488081961870193,0.0505983084440231,12,2,5,5
gpt2,30,ORC,b,singular,plural,grammatical,The journalists who the editor,appreciates,appreciates,appreciate,2,1,-10.89014329528436,-14.207635879516602,3.317492584232241,10.89014329528436,14.207635879516602,5,1.1853835582733154,0.5105169415473938,0.1549978405237198,0.0499988682568073,12,2,5,5
gpt2,30,ORC,c,singular,singular,ungrammatical,The journalist who the editor,appreciate,appreciates,appreciate,2,1,-11.701028938405216,-16.109888076782227,4.408859138377011,11.701028938405216,16.109888076782227,5,1.2185417413711548,0.5247973799705505,0.1502152532339096,0.0554755292832851,12,1,5,5
gpt2,30,ORC,d,singular,plural,ungrammatical,The journalists who the editor,appreciate,appreciates,appreciate,2,1,-10.89014329528436,-14.207635879516602,3.317492584232241,10.89014329528436,14.207635879516602,5,1.2373148202896118,0.5328825116157532,0.1437979638576507,0.0813751891255378,12,1,5,5
gpt2,30,ORC,e,plural,singular,grammatical,The journalist who the editors,appreciate,appreciate,appreciates,1,2,-11.164710998535156,-13.533348679542542,2.3686376810073853,11.164710998535156,13.533348679542542,5,1.1354724168777466,0.4890213310718536,0.192843809723854,0.0481855869293212,12,1,5,5
gpt2,30,ORC,f,plural,plural,grammatical,The journalists who the editors,appreciate,appreciate,appreciates,1,2,-10.212867736816406,-14.61051332950592,4.397645592689514,10.212867736816406,14.61051332950592,5,1.227075219154358,0.5284725427627563,0.1754157394170761,0.0584868490695953,12,1,5,5
gpt2,30,ORC,g,plural,singular,ungrammatical,The journalist who the editors,appreciates,appreciate,appreciates,1,2,-11.164710998535156,-13.533348679542542,2.3686376810073853,11.164710998535156,13.533348679542542,5,1.1654411554336548,0.5019282102584839,0.1613157093524933,0.0480435788631439,12,2,5,5
gpt2,30,ORC,h,plural,plural,ungrammatical,The journalists who the editors,appreciates,appreciate,appreciates,1,2,-10.212867736816406,-14.61051332950592,4.397645592689514,10.212867736816406,14.61051332950592,5,1.2148854732513428,0.5232227444648743,0.1620166003704071,0.0497387014329433,12,2,5,5
gpt2,31,ORC,a,singular,singular,grammatical,The customer who the waitress,hates,hates,hate,1,1,-8.845367431640625,-11.744873046875,2.899505615234375,8.845367431640625,11.744873046875,5,1.1495500802993774,0.4950842559337616,0.214741826057434,0.0372288636863231,12,1,5,5
gpt2,31,ORC,b,singular,plural,grammatical,The customers who the waitress,hates,hates,hate,1,1,-8.70918083190918,-11.263456344604492,2.5542755126953125,8.70918083190918,11.263456344604492,5,1.1659189462661743,0.5021340250968933,0.2303183525800705,0.0513653121888637,12,1,5,5
gpt2,31,ORC,c,singular,singular,ungrammatical,The customer who the waitress,hate,hates,hate,1,1,-8.845367431640625,-11.744873046875,2.899505615234375,8.845367431640625,11.744873046875,5,1.1969456672668457,0.5154964327812195,0.2157874554395675,0.0362393595278263,12,1,5,5
gpt2,31,ORC,d,singular,plural,ungrammatical,The customers who the waitress,hate,hates,hate,1,1,-8.70918083190918,-11.263456344604492,2.5542755126953125,8.70918083190918,11.263456344604492,5,1.274412751197815,0.548859715461731,0.2056518048048019,0.0663147643208503,12,1,5,5
gpt2,31,ORC,e,plural,singular,grammatical,The customer who the waitresses,hate,hate,hates,1,1,-8.08873462677002,-12.89854907989502,4.809814453125,8.08873462677002,12.89854907989502,5,1.1506463289260864,0.4451307952404022,0.1999694854021072,0.0335083827376365,12,1,6,6
gpt2,31,ORC,f,plural,plural,grammatical,The customers who the waitresses,hate,hate,hates,1,1,-7.998513221740723,-14.187478065490724,6.18896484375,7.998513221740723,14.187478065490724,5,1.2616997957229614,0.4880920648574829,0.183725044131279,0.0604532398283481,12,1,6,6
gpt2,31,ORC,g,plural,singular,ungrammatical,The customer who the waitresses,hates,hate,hates,1,1,-8.08873462677002,-12.89854907989502,4.809814453125,8.08873462677002,12.89854907989502,5,1.2719794511795044,0.4920688569545746,0.1842789500951767,0.0474572516977787,12,1,6,6
gpt2,31,ORC,h,plural,plural,ungrammatical,The customers who the waitresses,hates,hate,hates,1,1,-7.998513221740723,-14.187478065490724,6.18896484375,7.998513221740723,14.187478065490724,5,1.3162060976028442,0.5091779828071594,0.1920992136001587,0.057196456938982,12,1,6,6
gpt2,32,ORC,a,singular,singular,grammatical,The therapist who the survivor,meets,meets,meet,1,1,-7.686218738555908,-11.7861328125,4.099914073944092,7.686218738555908,11.7861328125,5,1.1113529205322266,0.4786337316036224,0.1732620745897293,0.0459034107625484,12,1,5,5
gpt2,32,ORC,b,singular,plural,grammatical,The therapists who the survivor,meets,meets,meet,1,1,-7.4847540855407715,-10.025785446166992,2.5410313606262207,7.4847540855407715,10.025785446166992,5,1.101983904838562,0.4745986461639404,0.1954108476638794,0.047014582902193,12,1,5,5
gpt2,32,ORC,c,singular,singular,ungrammatical,The therapist who the survivor,meet,meets,meet,1,1,-7.686218738555908,-11.7861328125,4.099914073944092,7.686218738555908,11.7861328125,5,1.1216338872909546,0.4830614030361175,0.1739257574081421,0.0452586412429809,12,1,5,5
gpt2,32,ORC,d,singular,plural,ungrammatical,The therapists who the survivor,meet,meets,meet,1,1,-7.4847540855407715,-10.025785446166992,2.5410313606262207,7.4847540855407715,10.025785446166992,5,1.1461563110351562,0.4936226904392242,0.1637809425592422,0.0593572743237018,12,1,5,5
gpt2,32,ORC,e,plural,singular,grammatical,The therapist who the survivors,meet,meet,meets,1,1,-6.832286834716797,-12.621623992919922,5.789337158203125,6.832286834716797,12.621623992919922,5,1.0747112035751345,0.4628529548645019,0.1868911534547805,0.0443951003253459,12,1,5,5
gpt2,32,ORC,f,plural,plural,grammatical,The therapists who the survivors,meet,meet,meets,1,1,-6.257208347320557,-12.794424057006836,6.537215709686279,6.257208347320557,12.794424057006836,5,1.1209088563919067,0.482749193906784,0.1638804674148559,0.0517625249922275,12,1,5,5
gpt2,32,ORC,g,plural,singular,ungrammatical,The therapist who the survivors,meets,meet,meets,1,1,-6.832286834716797,-12.621623992919922,5.789337158203125,6.832286834716797,12.621623992919922,5,1.1497780084609983,0.4951824247837066,0.1454924792051315,0.0652884542942047,12,1,5,5
gpt2,32,ORC,h,plural,plural,ungrammatical,The therapists who the survivors,meets,meet,meets,1,1,-6.257208347320557,-12.794424057006836,6.537215709686279,6.257208347320557,12.794424057006836,5,1.1611942052841189,0.5000991225242615,0.1463754475116729,0.0553649701178073,12,1,5,5
gpt2,33,ORC,a,singular,singular,grammatical,The cheerleader who the choreographer,works,works,work,1,1,-7.88549280166626,-11.919626235961914,4.034133434295654,7.88549280166626,11.919626235961914,5,1.2473784685134888,0.4443252086639404,0.2155185788869857,0.0310235824435949,12,1,7,7
gpt2,33,ORC,b,singular,plural,grammatical,The cheerleaders who the choreographer,works,works,work,1,1,-7.575562477111816,-11.50843906402588,3.9328765869140634,7.575562477111816,11.50843906402588,5,1.2365580797195437,0.4404708445072174,0.2340772598981857,0.0289248023182153,12,1,7,7
gpt2,33,ORC,c,singular,singular,ungrammatical,The cheerleader who the choreographer,work,works,work,1,1,-7.88549280166626,-11.919626235961914,4.034133434295654,7.88549280166626,11.919626235961914,5,1.2655564546585083,0.4508003294467926,0.2123375684022903,0.0262923967093229,12,1,7,7
gpt2,33,ORC,d,singular,plural,ungrammatical,The cheerleaders who the choreographer,work,works,work,1,1,-7.575562477111816,-11.50843906402588,3.9328765869140634,7.575562477111816,11.50843906402588,5,1.336456298828125,0.4760553538799286,0.1990572810173034,0.0393124930560588,12,1,7,7
gpt2,33,ORC,e,plural,singular,grammatical,The cheerleader who the choreographers,work,work,works,1,1,-7.574241638183594,-12.061256408691406,4.4870147705078125,7.574241638183594,12.061256408691406,5,1.1767586469650269,0.4191698729991913,0.2079690843820572,0.0241315364837646,12,1,7,7
gpt2,33,ORC,f,plural,plural,grammatical,The cheerleaders who the choreographers,work,work,works,1,1,-6.197873115539551,-11.572842597961426,5.374969482421875,6.197873115539551,11.572842597961426,5,1.2350891828536987,0.439947634935379,0.1925779581069946,0.0273585021495819,12,1,7,7
gpt2,33,ORC,g,plural,singular,ungrammatical,The cheerleader who the choreographers,works,work,works,1,1,-7.574241638183594,-12.061256408691406,4.4870147705078125,7.574241638183594,12.061256408691406,5,1.3276561498641968,0.4729206264019012,0.1801176816225052,0.0411101542413234,12,1,7,7
gpt2,33,ORC,h,plural,plural,ungrammatical,The cheerleaders who the choreographers,works,work,works,1,1,-6.197873115539551,-11.572842597961426,5.374969482421875,6.197873115539551,11.572842597961426,5,1.352657675743103,0.4818263351917267,0.1928622275590896,0.0343338921666145,12,1,7,7
gpt2,34,ORC,a,singular,singular,grammatical,The cowboy who the rancher,knows,knows,know,1,1,-7.085090160369873,-10.183761596679688,3.0986714363098145,7.085090160369873,10.183761596679688,5,1.2843000888824463,0.4968350827693939,0.1652177721261978,0.0297092553228139,12,1,6,6
gpt2,34,ORC,b,singular,plural,grammatical,The cowboys who the rancher,knows,knows,know,1,1,-6.779781341552734,-9.214725494384766,2.4349441528320312,6.779781341552734,9.214725494384766,5,1.4316037893295288,0.5099475383758545,0.164892628788948,0.0682782754302024,12,1,7,7
gpt2,34,ORC,c,singular,singular,ungrammatical,The cowboy who the rancher,know,knows,know,1,1,-7.085090160369873,-10.183761596679688,3.0986714363098145,7.085090160369873,10.183761596679688,5,1.2601455450057983,0.4874908626079559,0.1753965020179748,0.0254081021994352,12,1,6,6
gpt2,34,ORC,d,singular,plural,ungrammatical,The cowboys who the rancher,know,knows,know,1,1,-6.779781341552734,-9.214725494384766,2.4349441528320312,6.779781341552734,9.214725494384766,5,1.3975058794021606,0.497801661491394,0.152973935008049,0.0726317837834358,12,1,7,7
gpt2,34,ORC,e,plural,singular,grammatical,The cowboy who the ranchers,know,know,knows,1,1,-6.117372035980225,-11.723039627075195,5.605667591094971,6.117372035980225,11.723039627075195,5,1.194586157798767,0.4621290862560272,0.1910575032234192,0.0226980894804,12,1,6,6
gpt2,34,ORC,f,plural,plural,grammatical,The cowboys who the ranchers,know,know,knows,1,1,-5.966043472290039,-12.088647842407228,6.122604370117188,5.966043472290039,12.088647842407228,5,1.3303560018539429,0.4738824069499969,0.1678894609212875,0.0492813028395175,12,1,7,7
gpt2,34,ORC,g,plural,singular,ungrammatical,The cowboy who the ranchers,knows,know,knows,1,1,-6.117372035980225,-11.723039627075195,5.605667591094971,6.117372035980225,11.723039627075195,5,1.279598593711853,0.4950162470340729,0.1713839918375015,0.0340142808854579,12,1,6,6
gpt2,34,ORC,h,plural,plural,ungrammatical,The cowboys who the ranchers,knows,know,knows,1,1,-5.966043472290039,-12.088647842407228,6.122604370117188,5.966043472290039,12.088647842407228,5,1.4199355840682983,0.505791187286377,0.1635650545358657,0.074783407151699,12,1,7,7
gpt2,35,ORC,a,singular,singular,grammatical,The surgeon who the nurse,prefers,prefers,prefer,1,1,-9.523673057556152,-13.74216365814209,4.2184906005859375,9.523673057556152,13.74216365814209,5,1.059882879257202,0.4564667642116546,0.1766786128282547,0.036556314677,12,1,5,5
gpt2,35,ORC,b,singular,plural,grammatical,The surgeons who the nurse,prefers,prefers,prefer,1,1,-9.814336776733398,-13.009893417358398,3.195556640625,9.814336776733398,13.009893417358398,5,1.0678001642227173,0.4598766267299652,0.1934489607810974,0.03931700065732,12,1,5,5
gpt2,35,ORC,c,singular,singular,ungrammatical,The surgeon who the nurse,prefer,prefers,prefer,1,1,-9.523673057556152,-13.74216365814209,4.2184906005859375,9.523673057556152,13.74216365814209,5,1.0374048948287964,0.44678595662117,0.1691973060369491,0.0342362858355045,12,1,5,5
gpt2,35,ORC,d,singular,plural,ungrammatical,The surgeons who the nurse,prefer,prefers,prefer,1,1,-9.814336776733398,-13.009893417358398,3.195556640625,9.814336776733398,13.009893417358398,5,1.0997768640518188,0.473648190498352,0.1639666557312011,0.0488709360361099,12,1,5,5
gpt2,35,ORC,e,plural,singular,grammatical,The surgeon who the nurses,prefer,prefer,prefers,1,1,-8.989543914794922,-13.817211151123049,4.827667236328125,8.989543914794922,13.817211151123049,5,1.0206159353256226,0.4395553171634674,0.1832433491945266,0.0321204252541065,12,1,5,5
gpt2,35,ORC,f,plural,plural,grammatical,The surgeons who the nurses,prefer,prefer,prefers,1,1,-8.773269653320312,-14.701492309570312,5.92822265625,8.773269653320312,14.701492309570312,5,1.0862146615982056,0.4678072035312652,0.1719616055488586,0.0412283279001712,12,1,5,5
gpt2,35,ORC,g,plural,singular,ungrammatical,The surgeon who the nurses,prefers,prefer,prefers,1,1,-8.989543914794922,-13.817211151123049,4.827667236328125,8.989543914794922,13.817211151123049,5,1.1365031003952026,0.4894652366638183,0.150506854057312,0.0507975406944751,12,1,5,5
gpt2,35,ORC,h,plural,plural,ungrammatical,The surgeons who the nurses,prefers,prefer,prefers,1,1,-8.773269653320312,-14.701492309570312,5.92822265625,8.773269653320312,14.701492309570312,5,1.161591649055481,0.5002702474594116,0.161610260605812,0.0450741462409496,12,1,5,5
gpt2,36,ORC,a,singular,singular,grammatical,The bartender who the patron,gossips,gossips,gossip,3,1,-14.793078571558,-12.724931716918944,-2.0681468546390533,14.793078571558,12.724931716918944,5,1.1694101095199585,0.5036375522613525,0.1951380223035812,0.0301315393298864,12,3,5,5
gpt2,36,ORC,b,singular,plural,grammatical,The bartenders who the patron,gossips,gossips,gossip,3,1,-14.04633129388094,-12.867597579956056,-1.1787337139248848,14.04633129388094,12.867597579956056,5,1.2209962606430054,0.4723458290100097,0.2165588289499282,0.0408559441566467,12,3,6,6
gpt2,36,ORC,c,singular,singular,ungrammatical,The bartender who the patron,gossip,gossips,gossip,3,1,-14.793078571558,-12.724931716918944,-2.0681468546390533,14.793078571558,12.724931716918944,5,1.2857656478881836,0.5537490844726562,0.2032678574323654,0.0411055535078048,12,1,5,5
gpt2,36,ORC,d,singular,plural,ungrammatical,The bartenders who the patron,gossip,gossips,gossip,3,1,-14.04633129388094,-12.867597579956056,-1.1787337139248848,14.04633129388094,12.867597579956056,5,1.3929824829101562,0.5388791561126709,0.2052334696054458,0.0517838038504123,12,1,6,6
gpt2,36,ORC,e,plural,singular,grammatical,The bartender who the patrons,gossip,gossip,gossips,1,3,-10.019847869873049,-15.557988584041595,5.538140714168549,10.019847869873049,15.557988584041595,5,1.2667611837387085,0.5455643534660339,0.2109419852495193,0.0384361408650875,12,1,5,5
gpt2,36,ORC,f,plural,plural,grammatical,The bartenders who the patrons,gossip,gossip,gossips,1,3,-10.737383842468262,-17.402587413787842,6.66520357131958,10.737383842468262,17.402587413787842,5,1.358904242515564,0.5256958603858948,0.1946522146463394,0.0466336607933044,12,1,6,6
gpt2,36,ORC,g,plural,singular,ungrammatical,The bartender who the patrons,gossips,gossip,gossips,1,3,-10.019847869873049,-15.557988584041595,5.538140714168549,10.019847869873049,15.557988584041595,5,1.156489372253418,0.4980728924274444,0.1781743913888931,0.030491454526782,12,3,5,5
gpt2,36,ORC,h,plural,plural,ungrammatical,The bartenders who the patrons,gossips,gossip,gossips,1,3,-10.737383842468262,-17.402587413787842,6.66520357131958,10.737383842468262,17.402587413787842,5,1.2080013751983645,0.4673186540603637,0.1809272766113281,0.0361868031322956,12,3,6,6
gpt2,37,ORC,a,singular,singular,grammatical,The columnist who the reader,complains,complains,complain,1,1,-7.742899417877197,-13.551477432250977,5.808578014373779,7.742899417877197,13.551477432250977,5,1.2793368101119995,0.5509803891181946,0.2201289683580398,0.0430928356945514,12,1,5,5
gpt2,37,ORC,b,singular,plural,grammatical,The columnists who the reader,complains,complains,complain,1,1,-6.767861843109131,-12.922449111938477,6.154587268829346,6.767861843109131,12.922449111938477,5,1.3559818267822266,0.5245653390884399,0.2117397189140319,0.06601532548666,12,1,6,6
gpt2,37,ORC,c,singular,singular,ungrammatical,The columnist who the reader,complain,complains,complain,1,1,-7.742899417877197,-13.551477432250977,5.808578014373779,7.742899417877197,13.551477432250977,5,1.3010824918746948,0.5603457093238831,0.2211993932723999,0.0411928743124008,12,1,5,5
gpt2,37,ORC,d,singular,plural,ungrammatical,The columnists who the reader,complain,complains,complain,1,1,-6.767861843109131,-12.922449111938477,6.154587268829346,6.767861843109131,12.922449111938477,5,1.3759756088256836,0.5322999358177185,0.1928683370351791,0.0605692081153392,12,1,6,6
gpt2,37,ORC,e,plural,singular,grammatical,The columnist who the readers,complain,complain,complains,1,1,-8.954814910888672,-13.15755844116211,4.2027435302734375,8.954814910888672,13.15755844116211,5,1.2807817459106443,0.5516026616096497,0.2231415659189224,0.049479205161333,12,1,5,5
gpt2,37,ORC,f,plural,plural,grammatical,The columnists who the readers,complain,complain,complains,1,1,-7.924867630004883,-12.901140213012695,4.9762725830078125,7.924867630004883,12.901140213012695,5,1.3584195375442505,0.5255083441734314,0.1862906813621521,0.0653023570775985,12,1,6,6
gpt2,37,ORC,g,plural,singular,ungrammatical,The columnist who the readers,complains,complain,complains,1,1,-8.954814910888672,-13.15755844116211,4.2027435302734375,8.954814910888672,13.15755844116211,5,1.2771271467208862,0.5500287413597107,0.1795377284288406,0.0531154982745647,12,1,5,5
gpt2,37,ORC,h,plural,plural,ungrammatical,The columnists who the readers,complains,complain,complains,1,1,-7.924867630004883,-12.901140213012695,4.9762725830078125,7.924867630004883,12.901140213012695,5,1.354446291923523,0.5239713191986084,0.1669336557388305,0.0727101564407348,12,1,6,6
gpt2,38,ORC,a,singular,singular,grammatical,The anthropologist who the villager,respects,respects,respect,1,1,-10.116582870483398,-13.684041976928713,3.5674591064453125,10.116582870483398,13.684041976928713,5,1.363296389579773,0.4856158792972564,0.2052763700485229,0.043148960918188,12,1,7,7
gpt2,38,ORC,b,singular,plural,grammatical,The anthropologists who the villager,respects,respects,respect,1,1,-11.176824569702148,-11.777387619018556,0.6005630493164062,11.176824569702148,11.777387619018556,5,1.4080265760421753,0.501549243927002,0.2165336012840271,0.0574406869709491,12,1,7,7
gpt2,38,ORC,c,singular,singular,ungrammatical,The anthropologist who the villager,respect,respects,respect,1,1,-10.116582870483398,-13.684041976928713,3.5674591064453125,10.116582870483398,13.684041976928713,5,1.3851957321166992,0.4934166967868805,0.2044225186109542,0.0519912838935852,12,1,7,7
gpt2,38,ORC,d,singular,plural,ungrammatical,The anthropologists who the villager,respect,respects,respect,1,1,-11.176824569702148,-11.777387619018556,0.6005630493164062,11.176824569702148,11.777387619018556,5,1.4207621812820437,0.5060856938362122,0.1861990243196487,0.065548151731491,12,1,7,7
gpt2,38,ORC,e,plural,singular,grammatical,The anthropologist who the villagers,respect,respect,respects,1,1,-8.998371124267578,-15.059955596923828,6.06158447265625,8.998371124267578,15.059955596923828,5,1.2289587259292605,0.4754260778427124,0.1998283118009567,0.0566030889749527,12,1,6,6
gpt2,38,ORC,f,plural,plural,grammatical,The anthropologists who the villagers,respect,respect,respects,1,1,-9.14841079711914,-15.288333892822266,6.139923095703125,9.14841079711914,15.288333892822266,5,1.29753839969635,0.5019563436508179,0.1746679544448852,0.066242940723896,12,1,6,6
gpt2,38,ORC,g,plural,singular,ungrammatical,The anthropologist who the villagers,respects,respect,respects,1,1,-8.998371124267578,-15.059955596923828,6.06158447265625,8.998371124267578,15.059955596923828,5,1.2923449277877808,0.4999472796916961,0.1691345423460006,0.0587668120861053,12,1,6,6
gpt2,38,ORC,h,plural,plural,ungrammatical,The anthropologists who the villagers,respects,respect,respects,1,1,-9.14841079711914,-15.288333892822266,6.139923095703125,9.14841079711914,15.288333892822266,5,1.336570143699646,0.5170559287071228,0.1652232855558395,0.0748203173279762,12,1,6,6
gpt2,39,ORC,a,singular,singular,grammatical,The bricklayer who the contractor,assigns,assigns,assign,1,1,-9.77604866027832,-14.13853645324707,4.36248779296875,9.77604866027832,14.13853645324707,5,1.223878264427185,0.473460704088211,0.1924860477447509,0.0395264737308025,12,1,6,6
gpt2,39,ORC,b,singular,plural,grammatical,The bricklayers who the contractor,assigns,assigns,assign,1,1,-9.307303428649902,-12.719901084899902,3.41259765625,9.307303428649902,12.719901084899902,5,1.2880282402038574,0.4588049352169037,0.2120376974344253,0.0587645657360553,12,1,7,7
gpt2,39,ORC,c,singular,singular,ungrammatical,The bricklayer who the contractor,assign,assigns,assign,1,1,-9.77604866027832,-14.13853645324707,4.36248779296875,9.77604866027832,14.13853645324707,5,1.2497731447219849,0.4834782183170318,0.1937965750694275,0.0405581071972847,12,1,6,6
gpt2,39,ORC,d,singular,plural,ungrammatical,The bricklayers who the contractor,assign,assigns,assign,1,1,-9.307303428649902,-12.719901084899902,3.41259765625,9.307303428649902,12.719901084899902,5,1.3518234491348269,0.4815291464328766,0.1913466453552246,0.0638169422745704,12,1,7,7
gpt2,39,ORC,e,plural,singular,grammatical,The bricklayer who the contractors,assign,assign,assigns,1,1,-10.716144561767578,-13.84610366821289,3.1299591064453125,10.716144561767578,13.84610366821289,5,1.2063478231430054,0.4666790664196014,0.2029228657484054,0.0382384210824966,12,1,6,6
gpt2,39,ORC,f,plural,plural,grammatical,The bricklayers who the contractors,assign,assign,assigns,1,1,-9.891965866088867,-14.10816764831543,4.2162017822265625,9.891965866088867,14.10816764831543,5,1.3202297687530518,0.4702754020690918,0.1939313560724258,0.0578638575971126,12,1,7,7
gpt2,39,ORC,g,plural,singular,ungrammatical,The bricklayer who the contractors,assigns,assign,assigns,1,1,-10.716144561767578,-13.84610366821289,3.1299591064453125,10.716144561767578,13.84610366821289,5,1.2449111938476562,0.4815973937511444,0.1655054241418838,0.0458782128989696,12,1,6,6
gpt2,39,ORC,h,plural,plural,ungrammatical,The bricklayers who the contractors,assigns,assign,assigns,1,1,-9.891965866088867,-14.10816764831543,4.2162017822265625,9.891965866088867,14.10816764831543,5,1.3364003896713257,0.4760353863239288,0.1729239076375961,0.0692186802625656,12,1,7,7
gpt2,40,ORC,a,singular,singular,grammatical,The comedian who the prisoner,finds,finds,find,1,1,-6.702398300170898,-10.50710105895996,3.8047027587890634,6.702398300170898,10.50710105895996,5,1.1978217363357544,0.5158737897872925,0.1704098731279373,0.0509113408625125,12,1,5,5
gpt2,40,ORC,b,singular,plural,grammatical,The comedians who the prisoner,finds,finds,find,1,1,-5.782044887542725,-8.782365798950195,3.0003209114074707,5.782044887542725,8.782365798950195,5,1.221917986869812,0.526251494884491,0.1944720149040222,0.0648062750697135,12,1,5,5
gpt2,40,ORC,c,singular,singular,ungrammatical,The comedian who the prisoner,find,finds,find,1,1,-6.702398300170898,-10.50710105895996,3.8047027587890634,6.702398300170898,10.50710105895996,5,1.243940830230713,0.5357362031936646,0.1706865280866623,0.0502370446920394,12,1,5,5
gpt2,40,ORC,d,singular,plural,ungrammatical,The comedians who the prisoner,find,finds,find,1,1,-5.782044887542725,-8.782365798950195,3.0003209114074707,5.782044887542725,8.782365798950195,5,1.2624852657318115,0.5437228679656982,0.1518117189407348,0.0872262418270111,12,1,5,5
gpt2,40,ORC,e,plural,singular,grammatical,The comedian who the prisoners,find,find,finds,1,1,-6.180778503417969,-11.476768493652344,5.295989990234375,6.180778503417969,11.476768493652344,5,1.1642109155654907,0.5013983845710754,0.1761121153831482,0.0431561283767223,12,1,5,5
gpt2,40,ORC,f,plural,plural,grammatical,The comedians who the prisoners,find,find,finds,1,1,-5.8111443519592285,-11.653932571411133,5.842788219451904,5.8111443519592285,11.653932571411133,5,1.2241384983062744,0.5272077918052673,0.1517149060964584,0.0608399994671344,12,1,5,5
gpt2,40,ORC,g,plural,singular,ungrammatical,The comedian who the prisoners,finds,find,finds,1,1,-6.180778503417969,-11.476768493652344,5.295989990234375,6.180778503417969,11.476768493652344,5,1.20213520526886,0.5177314877510071,0.141907125711441,0.0615880340337753,12,1,5,5
gpt2,40,ORC,h,plural,plural,ungrammatical,The comedians who the prisoners,finds,find,finds,1,1,-5.8111443519592285,-11.653932571411133,5.842788219451904,5.8111443519592285,11.653932571411133,5,1.2372151613235474,0.5328395962715149,0.1447429358959198,0.06699700653553,12,1,5,5
gpt2,41,ORC,a,singular,singular,grammatical,The judge who the criminal,fears,fears,fear,1,1,-12.28878402709961,-12.141666412353516,-0.1471176147460937,12.28878402709961,12.141666412353516,5,1.1633220911026,0.5010155439376831,0.1702116578817367,0.0372483395040035,12,1,5,5
gpt2,41,ORC,b,singular,plural,grammatical,The judges who the criminal,fears,fears,fear,1,1,-12.91028118133545,-11.8947172164917,-1.01556396484375,12.91028118133545,11.8947172164917,5,1.1680179834365845,0.5030379891395569,0.1958350986242294,0.0394961051642894,12,1,5,5
gpt2,41,ORC,c,singular,singular,ungrammatical,The judge who the criminal,fear,fears,fear,1,1,-12.28878402709961,-12.141666412353516,-0.1471176147460937,12.28878402709961,12.141666412353516,5,1.1142433881759644,0.4798785150051117,0.1928256899118423,0.0308798942714929,12,1,5,5
gpt2,41,ORC,d,singular,plural,ungrammatical,The judges who the criminal,fear,fears,fear,1,1,-12.91028118133545,-11.8947172164917,-1.01556396484375,12.91028118133545,11.8947172164917,5,1.2077051401138306,0.5201302170753479,0.1766054779291153,0.0462802946567535,12,1,5,5
gpt2,41,ORC,e,plural,singular,grammatical,The judge who the criminals,fear,fear,fears,1,1,-7.807586669921875,-12.883285522460938,5.075698852539063,7.807586669921875,12.883285522460938,5,1.076990246772766,0.4638344943523407,0.2035958617925644,0.0355899147689342,12,1,5,5
gpt2,41,ORC,f,plural,plural,grammatical,The judges who the criminals,fear,fear,fears,1,1,-8.1806058883667,-13.93933391571045,5.75872802734375,8.1806058883667,13.93933391571045,5,1.1913681030273438,0.5130943655967712,0.1727533191442489,0.0487839132547378,12,1,5,5
gpt2,41,ORC,g,plural,singular,ungrammatical,The judge who the criminals,fears,fear,fears,1,1,-7.807586669921875,-12.883285522460938,5.075698852539063,7.807586669921875,12.883285522460938,5,1.1984977722167969,0.5161648988723755,0.1593962609767913,0.049852792173624,12,1,5,5
gpt2,41,ORC,h,plural,plural,ungrammatical,The judges who the criminals,fears,fear,fears,1,1,-8.1806058883667,-13.93933391571045,5.75872802734375,8.1806058883667,13.93933391571045,5,1.242738127708435,0.5352181196212769,0.1663998812437057,0.0439292378723621,12,1,5,5
gpt2,42,ORC,a,singular,singular,grammatical,The student who the bully,teases,teases,tease,2,1,-11.71795618534088,-15.101317405700684,3.3833612203598022,11.71795618534088,15.101317405700684,5,1.0932191610336304,0.4708238542079925,0.1934990733861923,0.0195919051766395,12,2,5,5
gpt2,42,ORC,b,singular,plural,grammatical,The students who the bully,teases,teases,tease,2,1,-12.146991729736328,-12.913859367370604,0.7668676376342773,12.146991729736328,12.913859367370604,5,1.115169882774353,0.4802775084972381,0.2029075771570205,0.025311617180705,12,2,5,5
gpt2,42,ORC,c,singular,singular,ungrammatical,The student who the bully,tease,teases,tease,2,1,-11.71795618534088,-15.101317405700684,3.3833612203598022,11.71795618534088,15.101317405700684,5,1.2854915857315063,0.553631067276001,0.2037739902734756,0.0406199656426906,12,1,5,5
gpt2,42,ORC,d,singular,plural,ungrammatical,The students who the bully,tease,teases,tease,2,1,-12.146991729736328,-12.913859367370604,0.7668676376342773,12.146991729736328,12.913859367370604,5,1.2824320793151855,0.5523133873939514,0.1931148320436477,0.0643589571118354,12,1,5,5
gpt2,42,ORC,e,plural,singular,grammatical,The student who the bullies,tease,tease,teases,1,2,-11.48479461669922,-15.113877058029177,3.629082441329956,11.48479461669922,15.113877058029177,5,1.1935135126113892,0.5140182971954346,0.2183968424797058,0.0350100845098495,12,1,5,5
gpt2,42,ORC,f,plural,plural,grammatical,The students who the bullies,tease,tease,teases,1,2,-10.68873119354248,-16.56164789199829,5.8729166984558105,10.68873119354248,16.56164789199829,5,1.2479404211044312,0.5374587774276733,0.1958488821983337,0.0540238134562969,12,1,5,5
gpt2,42,ORC,g,plural,singular,ungrammatical,The student who the bullies,teases,tease,teases,1,2,-11.48479461669922,-15.113877058029177,3.629082441329956,11.48479461669922,15.113877058029177,5,1.0980637073516846,0.4729102551937103,0.1973280310630798,0.0210930462926626,12,2,5,5
gpt2,42,ORC,h,plural,plural,ungrammatical,The students who the bullies,teases,tease,teases,1,2,-10.68873119354248,-16.56164789199829,5.8729166984558105,10.68873119354248,16.56164789199829,5,1.1258078813552856,0.4848591089248657,0.194831907749176,0.0283710490912199,12,2,5,5
gpt2,43,ORC,a,singular,singular,grammatical,The philosopher who the scientist,discusses,discusses,discuss,1,1,-7.551645278930664,-11.425195693969728,3.8735504150390634,7.551645278930664,11.425195693969728,5,1.1915372610092163,0.5131672024726868,0.2016434222459793,0.0484968088567256,12,1,5,5
gpt2,43,ORC,b,singular,plural,grammatical,The philosophers who the scientist,discusses,discusses,discuss,1,1,-7.176068305969238,-9.38359546661377,2.2075271606445312,7.176068305969238,9.38359546661377,5,1.1758341789245603,0.5064042210578918,0.2192405462265014,0.0490209348499774,12,1,5,5
gpt2,43,ORC,c,singular,singular,ungrammatical,The philosopher who the scientist,discuss,discusses,discuss,1,1,-7.551645278930664,-11.425195693969728,3.8735504150390634,7.551645278930664,11.425195693969728,5,1.2267264127731323,0.5283222794532776,0.2043940424919128,0.0476343445479869,12,1,5,5
gpt2,43,ORC,d,singular,plural,ungrammatical,The philosophers who the scientist,discuss,discusses,discuss,1,1,-7.176068305969238,-9.38359546661377,2.2075271606445312,7.176068305969238,9.38359546661377,5,1.2555553913116455,0.5407382845878601,0.1921566277742386,0.0579805225133895,12,1,5,5
gpt2,43,ORC,e,plural,singular,grammatical,The philosopher who the scientists,discuss,discuss,discusses,1,1,-7.862020492553711,-12.070959091186523,4.2089385986328125,7.862020492553711,12.070959091186523,5,1.1440281867980957,0.4927061796188354,0.2063246220350265,0.0438944064080715,12,1,5,5
gpt2,43,ORC,f,plural,plural,grammatical,The philosophers who the scientists,discuss,discuss,discusses,1,1,-6.578237533569336,-11.815923690795898,5.2376861572265625,6.578237533569336,11.815923690795898,5,1.2108588218688965,0.521488606929779,0.1901279091835022,0.0506202913820743,12,1,5,5
gpt2,43,ORC,g,plural,singular,ungrammatical,The philosopher who the scientists,discusses,discuss,discusses,1,1,-7.862020492553711,-12.070959091186523,4.2089385986328125,7.862020492553711,12.070959091186523,5,1.214669108390808,0.5231295228004456,0.1745675057172775,0.0582915805280208,12,1,5,5
gpt2,43,ORC,h,plural,plural,ungrammatical,The philosophers who the scientists,discusses,discuss,discusses,1,1,-6.578237533569336,-11.815923690795898,5.2376861572265625,6.578237533569336,11.815923690795898,5,1.2356197834014893,0.5321525931358337,0.1809392422437667,0.0542115271091461,12,1,5,5
gpt2,44,ORC,a,singular,singular,grammatical,The lawyer who the candidate,consults,consults,consult,2,1,-10.703602257184684,-10.6905517578125,-0.0130504993721842,10.703602257184684,10.6905517578125,5,1.152371168136597,0.4962992668151855,0.2030341029167175,0.0346424989402294,12,2,5,5
gpt2,44,ORC,b,singular,plural,grammatical,The lawyers who the candidate,consults,consults,consult,2,1,-11.33615991473198,-11.002765655517578,-0.3333942592144012,11.33615991473198,11.002765655517578,5,1.1879544258117676,0.5116241574287415,0.2068269401788711,0.0433538444340229,12,2,5,5
gpt2,44,ORC,c,singular,singular,ungrammatical,The lawyer who the candidate,consult,consults,consult,2,1,-10.703602257184684,-10.6905517578125,-0.0130504993721842,10.703602257184684,10.6905517578125,5,1.152371168136597,0.4962992668151855,0.2030341029167175,0.0346424989402294,12,1,5,5
gpt2,44,ORC,d,singular,plural,ungrammatical,The lawyers who the candidate,consult,consults,consult,2,1,-11.33615991473198,-11.002765655517578,-0.3333942592144012,11.33615991473198,11.002765655517578,5,1.1879544258117676,0.5116241574287415,0.2068269401788711,0.0433538444340229,12,1,5,5
gpt2,44,ORC,e,plural,singular,grammatical,The lawyer who the candidates,consult,consult,consults,1,2,-10.00702667236328,-12.711218118667604,2.7041914463043213,10.00702667236328,12.711218118667604,5,1.1135724782943726,0.4795895516872406,0.2091288566589355,0.0352607630193233,12,1,5,5
gpt2,44,ORC,f,plural,plural,grammatical,The lawyers who the candidates,consult,consult,consults,1,2,-10.28452491760254,-15.410820960998535,5.126296043395996,10.28452491760254,15.410820960998535,5,1.1720155477523804,0.504759669303894,0.2045482546091079,0.0447931587696075,12,1,5,5
gpt2,44,ORC,g,plural,singular,ungrammatical,The lawyer who the candidates,consults,consult,consults,1,2,-10.00702667236328,-12.711218118667604,2.7041914463043213,10.00702667236328,12.711218118667604,5,1.1135724782943726,0.4795895516872406,0.2091288566589355,0.0352607630193233,12,2,5,5
gpt2,44,ORC,h,plural,plural,ungrammatical,The lawyers who the candidates,consults,consult,consults,1,2,-10.28452491760254,-15.410820960998535,5.126296043395996,10.28452491760254,15.410820960998535,5,1.1720155477523804,0.504759669303894,0.2045482546091079,0.0447931587696075,12,2,5,5
gpt2,45,ORC,a,singular,singular,grammatical,The musician who the reviewer,praises,praises,praise,1,1,-6.294782638549805,-11.368207931518556,5.07342529296875,6.294782638549805,11.368207931518556,5,1.1927967071533203,0.513709545135498,0.2240876108407974,0.0395937860012054,12,1,5,5
gpt2,45,ORC,b,singular,plural,grammatical,The musicians who the reviewer,praises,praises,praise,1,1,-6.157501220703125,-10.494644165039062,4.3371429443359375,6.157501220703125,10.494644165039062,5,1.16727614402771,0.5027185082435608,0.2391519099473953,0.0419497080147266,12,1,5,5
gpt2,45,ORC,c,singular,singular,ungrammatical,The musician who the reviewer,praise,praises,praise,1,1,-6.294782638549805,-11.368207931518556,5.07342529296875,6.294782638549805,11.368207931518556,5,1.1973665952682495,0.5156777501106262,0.2398126274347305,0.0355651341378688,12,1,5,5
gpt2,45,ORC,d,singular,plural,ungrammatical,The musicians who the reviewer,praise,praises,praise,1,1,-6.157501220703125,-10.494644165039062,4.3371429443359375,6.157501220703125,10.494644165039062,5,1.2536412477493286,0.5399139523506165,0.2270388603210449,0.0470286309719085,12,1,5,5
gpt2,45,ORC,e,plural,singular,grammatical,The musician who the reviewers,praise,praise,praises,1,1,-6.849691390991211,-9.779745101928713,2.9300537109375,6.849691390991211,9.779745101928713,5,1.1582154035568235,0.4988162517547607,0.2521869242191314,0.0323395617306232,12,1,5,5
gpt2,45,ORC,f,plural,plural,grammatical,The musicians who the reviewers,praise,praise,praises,1,1,-6.031409740447998,-10.082145690917969,4.050735950469971,6.031409740447998,10.082145690917969,5,1.2048105001449585,0.5188836455345154,0.2326812595129013,0.0394489802420139,12,1,5,5
gpt2,45,ORC,g,plural,singular,ungrammatical,The musician who the reviewers,praises,praise,praises,1,1,-6.849691390991211,-9.779745101928713,2.9300537109375,6.849691390991211,9.779745101928713,5,1.2490371465682983,0.5379310250282288,0.207526758313179,0.0500964187085628,12,1,5,5
gpt2,45,ORC,h,plural,plural,ungrammatical,The musicians who the reviewers,praises,praise,praises,1,1,-6.031409740447998,-10.082145690917969,4.050735950469971,6.031409740447998,10.082145690917969,5,1.2358131408691406,0.5322358012199402,0.2186484336853027,0.0431310981512069,12,1,5,5
gpt2,46,ORC,a,singular,singular,grammatical,The receptionist who the boss,gives,gives,give,1,1,-6.975020408630371,-10.408400535583496,3.433380126953125,6.975020408630371,10.408400535583496,5,1.244377851486206,0.4813910722732544,0.1814368367195129,0.0650417059659957,12,1,6,6
gpt2,46,ORC,b,singular,plural,grammatical,The receptionists who the boss,gives,gives,give,1,1,-6.535327911376953,-9.815486907958984,3.2801589965820312,6.535327911376953,9.815486907958984,5,1.2049134969711304,0.4661241471767425,0.2013505697250366,0.0590858422219753,12,1,6,6
gpt2,46,ORC,c,singular,singular,ungrammatical,The receptionist who the boss,give,gives,give,1,1,-6.975020408630371,-10.408400535583496,3.433380126953125,6.975020408630371,10.408400535583496,5,1.2918115854263306,0.4997409284114837,0.1699880510568618,0.0716045796871185,12,1,6,6
gpt2,46,ORC,d,singular,plural,ungrammatical,The receptionists who the boss,give,gives,give,1,1,-6.535327911376953,-9.815486907958984,3.2801589965820312,6.535327911376953,9.815486907958984,5,1.2818504571914673,0.4958873987197876,0.1640933007001876,0.0828768387436866,12,1,6,6
gpt2,46,ORC,e,plural,singular,grammatical,The receptionist who the bosses,give,give,gives,1,1,-7.388528347015381,-11.929224014282228,4.540695667266846,7.388528347015381,11.929224014282228,5,1.1890114545822144,0.4599723517894745,0.220250129699707,0.0644672065973281,12,1,6,6
gpt2,46,ORC,f,plural,plural,grammatical,The receptionists who the bosses,give,give,gives,1,1,-6.314790725708008,-11.657121658325195,5.342330932617188,6.314790725708008,11.657121658325195,5,1.2380704879760742,0.4789510667324066,0.1956465393304824,0.0719947889447212,12,1,6,6
gpt2,46,ORC,g,plural,singular,ungrammatical,The receptionist who the bosses,gives,give,gives,1,1,-7.388528347015381,-11.929224014282228,4.540695667266846,7.388528347015381,11.929224014282228,5,1.3093208074569702,0.5065144300460815,0.1742547303438186,0.086284227669239,12,1,6,6
gpt2,46,ORC,h,plural,plural,ungrammatical,The receptionists who the bosses,gives,give,gives,1,1,-6.314790725708008,-11.657121658325195,5.342330932617188,6.314790725708008,11.657121658325195,5,1.3165141344070437,0.5092971920967102,0.1752765029668808,0.075424738228321,12,1,6,6
gpt2,47,ORC,a,singular,singular,grammatical,The actress who the designer,creates,creates,create,1,1,-8.203810691833496,-12.879530906677246,4.67572021484375,8.203810691833496,12.879530906677246,5,1.2313318252563477,0.530305802822113,0.2025717943906784,0.0520567782223224,12,1,5,5
gpt2,47,ORC,b,singular,plural,grammatical,The actresses who the designer,creates,creates,create,1,1,-7.770650863647461,-11.765371322631836,3.994720458984375,7.770650863647461,11.765371322631836,5,1.2169519662857056,0.5241127014160156,0.2180578708648681,0.0508758835494518,12,1,5,5
gpt2,47,ORC,c,singular,singular,ungrammatical,The actress who the designer,create,creates,create,1,1,-8.203810691833496,-12.879530906677246,4.67572021484375,8.203810691833496,12.879530906677246,5,1.2502471208572388,0.5384522080421448,0.207620158791542,0.0472594983875751,12,1,5,5
gpt2,47,ORC,d,singular,plural,ungrammatical,The actresses who the designer,create,creates,create,1,1,-7.770650863647461,-11.765371322631836,3.994720458984375,7.770650863647461,11.765371322631836,5,1.2889710664749146,0.5551296472549438,0.1883628815412521,0.0633364394307136,12,1,5,5
gpt2,47,ORC,e,plural,singular,grammatical,The actress who the designers,create,create,creates,1,1,-8.465643882751465,-12.255255699157717,3.78961181640625,8.465643882751465,12.255255699157717,5,1.1589962244033811,0.4991525113582611,0.2323857694864273,0.0367846973240375,12,1,5,5
gpt2,47,ORC,f,plural,plural,grammatical,The actresses who the designers,create,create,creates,1,1,-7.500648021697998,-11.693489074707031,4.192841053009033,7.500648021697998,11.693489074707031,5,1.2370315790176392,0.532760500907898,0.2098271697759628,0.0456901751458644,12,1,5,5
gpt2,47,ORC,g,plural,singular,ungrammatical,The actress who the designers,creates,create,creates,1,1,-8.465643882751465,-12.255255699157717,3.78961181640625,8.465643882751465,12.255255699157717,5,1.2790281772613523,0.5508474707603455,0.1761432439088821,0.0634507536888122,12,1,5,5
gpt2,47,ORC,h,plural,plural,ungrammatical,The actresses who the designers,creates,create,creates,1,1,-7.500648021697998,-11.693489074707031,4.192841053009033,7.500648021697998,11.693489074707031,5,1.2974510192871094,0.5587816834449768,0.1840851455926895,0.051541406661272,12,1,5,5
gpt2,48,ORC,a,singular,singular,grammatical,The programmer who the manager,oversees,oversees,oversee,1,1,-7.768489837646484,-13.664989471435549,5.896499633789063,7.768489837646484,13.664989471435549,5,1.2684797048568726,0.5463044047355652,0.2134079337120056,0.0597415305674076,12,1,5,5
gpt2,48,ORC,b,singular,plural,grammatical,The programmers who the manager,oversees,oversees,oversee,1,1,-7.2005615234375,-11.32098388671875,4.12042236328125,7.2005615234375,11.32098388671875,5,1.2248694896697998,0.5275225639343262,0.2397392988204956,0.0562423281371593,12,1,5,5
gpt2,48,ORC,c,singular,singular,ungrammatical,The programmer who the manager,oversee,oversees,oversee,1,1,-7.768489837646484,-13.664989471435549,5.896499633789063,7.768489837646484,13.664989471435549,5,1.308362603187561,0.5634811520576477,0.2208895683288574,0.0664264559745788,12,1,5,5
gpt2,48,ORC,d,singular,plural,ungrammatical,The programmers who the manager,oversee,oversees,oversee,1,1,-7.2005615234375,-11.32098388671875,4.12042236328125,7.2005615234375,11.32098388671875,5,1.32541024684906,0.5708231329917908,0.2191697806119918,0.0716479793190956,12,1,5,5
gpt2,48,ORC,e,plural,singular,grammatical,The programmer who the managers,oversee,oversee,oversees,1,1,-9.675046920776367,-11.521329879760742,1.846282958984375,9.675046920776367,11.521329879760742,5,1.2472018003463743,0.5371405482292175,0.2493636161088943,0.0540609322488307,12,1,5,5
gpt2,48,ORC,f,plural,plural,grammatical,The programmers who the managers,oversee,oversee,oversees,1,1,-8.139162063598633,-11.530031204223633,3.390869140625,8.139162063598633,11.530031204223633,5,1.3173813819885254,0.567365288734436,0.2376539707183838,0.0593094192445278,12,1,5,5
gpt2,48,ORC,g,plural,singular,ungrammatical,The programmer who the managers,oversees,oversee,oversees,1,1,-9.675046920776367,-11.521329879760742,1.846282958984375,9.675046920776367,11.521329879760742,5,1.3333269357681274,0.5742326378822327,0.198846161365509,0.0781900361180305,12,1,5,5
gpt2,48,ORC,h,plural,plural,ungrammatical,The programmers who the managers,oversees,oversee,oversees,1,1,-8.139162063598633,-11.530031204223633,3.390869140625,8.139162063598633,11.530031204223633,5,1.3702818155288696,0.5901482701301575,0.2148833721876144,0.0636852830648422,12,1,5,5
