model,item_id,construction,condition,subject_number,attractor_number,grammaticality,prefix,target_verb,correct_verb,incorrect_verb,correct_num_tokens,incorrect_num_tokens,logprob_correct,logprob_incorrect,logprob_difference,surprisal_correct,surprisal_incorrect,attention_layer,attention_entropy_bits,attention_entropy_normalized,attention_to_subject,attention_to_attractor,attention_num_heads_aggregated,target_token_count,target_query_token_index,attention_context_token_count
gpt2-large,1,ORC,a,singular,singular,grammatical,The runner who the driver,sees,sees,see,1,1,-4.227283954620361,-8.91620922088623,4.688925266265869,4.227283954620361,8.91620922088623,16,1.2052671909332275,0.5190803408622742,0.1368371099233627,0.0492059588432312,20,1,5,5
gpt2-large,1,ORC,b,singular,plural,grammatical,The runners who the driver,sees,sees,see,1,1,-4.575003147125244,-8.778505325317383,4.203502178192139,4.575003147125244,8.778505325317383,16,1.1458832025527954,0.49350506067276,0.1407734453678131,0.0661053359508514,20,1,5,5
gpt2-large,1,ORC,c,singular,singular,ungrammatical,The runner who the driver,see,sees,see,1,1,-4.227283954620361,-8.91620922088623,4.688925266265869,4.227283954620361,8.91620922088623,16,1.1872535943984983,0.5113222599029541,0.1438284367322921,0.044188342988491,20,1,5,5
gpt2-large,1,ORC,d,singular,plural,ungrammatical,The runners who the driver,see,sees,see,1,1,-4.575003147125244,-8.778505325317383,4.203502178192139,4.575003147125244,8.778505325317383,16,1.198641657829285,0.5162268877029419,0.1447270214557647,0.066072329878807,20,1,5,5
gpt2-large,1,ORC,e,plural,singular,grammatical,The runner who the drivers,see,see,sees,1,1,-4.402304649353027,-8.638949394226074,4.236644744873047,4.402304649353027,8.638949394226074,16,1.1683542728424072,0.5031827688217163,0.1445050984621048,0.0472194962203502,20,1,5,5
gpt2-large,1,ORC,f,plural,plural,grammatical,The runners who the drivers,see,see,sees,1,1,-4.863724708557129,-10.038633346557615,5.174908638000488,4.863724708557129,10.038633346557615,16,1.191423773765564,0.5131183862686157,0.1376849859952926,0.0663508623838424,20,1,5,5
gpt2-large,1,ORC,g,plural,singular,ungrammatical,The runner who the drivers,sees,see,sees,1,1,-4.402304649353027,-8.638949394226074,4.236644744873047,4.402304649353027,8.638949394226074,16,1.2075138092041016,0.5200479626655579,0.1388662159442901,0.0540041401982307,20,1,5,5
gpt2-large,1,ORC,h,plural,plural,ungrammatical,The runners who the drivers,sees,see,sees,1,1,-4.863724708557129,-10.038633346557615,5.174908638000488,4.863724708557129,10.038633346557615,16,1.1708046197891235,0.5042381286621094,0.13796266913414,0.0709259957075119,20,1,5,5
gpt2-large,2,ORC,a,singular,singular,grammatical,The industrialist who the activist,criticizes,criticizes,criticize,2,1,-7.08155170083046,-11.037505149841309,3.955953449010849,7.08155170083046,11.037505149841309,16,1.0292329788208008,0.3981616497039795,0.1475673913955688,0.0326735898852348,20,2,6,6
gpt2-large,2,ORC,b,singular,plural,grammatical,The industrialists who the activist,criticizes,criticizes,criticize,2,1,-7.673678010702133,-10.285042762756348,2.6113647520542145,7.673678010702133,10.285042762756348,16,0.9733290672302246,0.3765350878238678,0.1398498266935348,0.0404387935996055,20,2,6,6
gpt2-large,2,ORC,c,singular,singular,ungrammatical,The industrialist who the activist,criticize,criticizes,criticize,2,1,-7.08155170083046,-11.037505149841309,3.955953449010849,7.08155170083046,11.037505149841309,16,1.178674578666687,0.4559735357761383,0.1351975947618484,0.0687803775072097,20,1,6,6
gpt2-large,2,ORC,d,singular,plural,ungrammatical,The industrialists who the activist,criticize,criticizes,criticize,2,1,-7.673678010702133,-10.285042762756348,2.6113647520542145,7.673678010702133,10.285042762756348,16,1.0918153524398804,0.4223717749118805,0.1355922818183899,0.0730935558676719,20,1,6,6
gpt2-large,2,ORC,e,plural,singular,grammatical,The industrialist who the activists,criticize,criticize,criticizes,1,2,-7.493551254272461,-13.180694103240969,5.687142848968506,7.493551254272461,13.180694103240969,16,1.1985474824905396,0.4636613726615906,0.1561124920845031,0.0569901242852211,20,1,6,6
gpt2-large,2,ORC,f,plural,plural,grammatical,The industrialists who the activists,criticize,criticize,criticizes,1,2,-6.2736124992370605,-12.879897117614746,6.6062846183776855,6.2736124992370605,12.879897117614746,16,1.1292965412139893,0.4368715286254883,0.147122710943222,0.0662256106734275,20,1,6,6
gpt2-large,2,ORC,g,plural,singular,ungrammatical,The industrialist who the activists,criticizes,criticize,criticizes,1,2,-7.493551254272461,-13.180694103240969,5.687142848968506,7.493551254272461,13.180694103240969,16,0.9491287469863892,0.3671731352806091,0.1674886494874954,0.0269309636205434,20,2,6,6
gpt2-large,2,ORC,h,plural,plural,ungrammatical,The industrialists who the activists,criticizes,criticize,criticizes,1,2,-6.2736124992370605,-12.879897117614746,6.6062846183776855,6.2736124992370605,12.879897117614746,16,0.9684118032455444,0.3746327757835388,0.155284896492958,0.0383782386779785,20,2,6,6
gpt2-large,3,ORC,a,singular,singular,grammatical,The player who the coach,likes,likes,like,1,1,-4.5201826095581055,-7.381536483764648,2.861353874206543,4.5201826095581055,7.381536483764648,16,1.2397873401641846,0.5339473485946655,0.1649881303310394,0.0688922554254531,20,1,5,5
gpt2-large,3,ORC,b,singular,plural,grammatical,The players who the coach,likes,likes,like,1,1,-4.154780387878418,-7.168987274169922,3.014206886291504,4.154780387878418,7.168987274169922,16,1.132299542427063,0.487654834985733,0.1547515541315078,0.0737559273838996,20,1,5,5
gpt2-large,3,ORC,c,singular,singular,ungrammatical,The player who the coach,like,likes,like,1,1,-4.5201826095581055,-7.381536483764648,2.861353874206543,4.5201826095581055,7.381536483764648,16,1.1123195886611938,0.4790499806404114,0.1710364669561386,0.0328849665820598,20,1,5,5
gpt2-large,3,ORC,d,singular,plural,ungrammatical,The players who the coach,like,likes,like,1,1,-4.154780387878418,-7.168987274169922,3.014206886291504,4.154780387878418,7.168987274169922,16,1.0778173208236694,0.464190661907196,0.1634116917848587,0.0393275879323482,20,1,5,5
gpt2-large,3,ORC,e,plural,singular,grammatical,The player who the coaches,like,like,likes,1,1,-4.132025718688965,-8.733721733093262,4.601696014404297,4.132025718688965,8.733721733093262,16,1.1298847198486328,0.4866148829460144,0.1870170533657074,0.0456779487431049,20,1,5,5
gpt2-large,3,ORC,f,plural,plural,grammatical,The players who the coaches,like,like,likes,1,1,-3.730510473251343,-9.112775802612305,5.382265329360962,3.730510473251343,9.112775802612305,16,1.1226437091827393,0.4834963679313659,0.1641362458467483,0.0540575012564659,20,1,5,5
gpt2-large,3,ORC,g,plural,singular,ungrammatical,The player who the coaches,likes,like,likes,1,1,-4.132025718688965,-8.733721733093262,4.601696014404297,4.132025718688965,8.733721733093262,16,1.1940139532089231,0.5142339468002319,0.1786574274301529,0.0655902773141861,20,1,5,5
gpt2-large,3,ORC,h,plural,plural,ungrammatical,The players who the coaches,likes,like,likes,1,1,-3.730510473251343,-9.112775802612305,5.382265329360962,3.730510473251343,9.112775802612305,16,1.0956916809082031,0.4718886911869049,0.1699013710021972,0.056350253522396,20,1,5,5
gpt2-large,4,ORC,a,singular,singular,grammatical,The volunteer who the director,relies,relies,rely,1,1,-7.94420576095581,-12.81701946258545,4.872813701629639,7.94420576095581,12.81701946258545,16,1.2333647012710571,0.5311812162399292,0.1548182666301727,0.0511443316936492,20,1,5,5
gpt2-large,4,ORC,b,singular,plural,grammatical,The volunteers who the director,relies,relies,rely,1,1,-5.694368362426758,-10.5025634765625,4.808195114135742,5.694368362426758,10.5025634765625,16,1.1545900106430054,0.4972549378871918,0.1622572392225265,0.0682698488235473,20,1,5,5
gpt2-large,4,ORC,c,singular,singular,ungrammatical,The volunteer who the director,rely,relies,rely,1,1,-7.94420576095581,-12.81701946258545,4.872813701629639,7.94420576095581,12.81701946258545,16,1.1753324270248413,0.5061880946159363,0.1504323780536651,0.0494567267596721,20,1,5,5
gpt2-large,4,ORC,d,singular,plural,ungrammatical,The volunteers who the director,rely,relies,rely,1,1,-5.694368362426758,-10.5025634765625,4.808195114135742,5.694368362426758,10.5025634765625,16,1.186216950416565,0.5108758211135864,0.1598964184522628,0.0683350637555122,20,1,5,5
gpt2-large,4,ORC,e,plural,singular,grammatical,The volunteer who the directors,rely,rely,relies,1,1,-7.590744018554687,-12.790119171142578,5.199375152587891,7.590744018554687,12.790119171142578,16,1.1760342121124268,0.5064903497695923,0.1562573164701461,0.0534122958779335,20,1,5,5
gpt2-large,4,ORC,f,plural,plural,grammatical,The volunteers who the directors,rely,rely,relies,1,1,-5.476131439208984,-11.621503829956056,6.14537239074707,5.476131439208984,11.621503829956056,16,1.1402746438980105,0.4910895824432373,0.1478649675846099,0.0671136230230331,20,1,5,5
gpt2-large,4,ORC,g,plural,singular,ungrammatical,The volunteer who the directors,relies,rely,relies,1,1,-7.590744018554687,-12.790119171142578,5.199375152587891,7.590744018554687,12.790119171142578,16,1.21443772315979,0.5230299234390259,0.1673702299594879,0.0459294244647026,20,1,5,5
gpt2-large,4,ORC,h,plural,plural,ungrammatical,The volunteers who the directors,relies,rely,relies,1,1,-5.476131439208984,-11.621503829956056,6.14537239074707,5.476131439208984,11.621503829956056,16,1.1085766553878784,0.4774380326271057,0.1661861091852188,0.0626351758837699,20,1,5,5
gpt2-large,5,ORC,a,singular,singular,grammatical,The author who the librarian,recommends,recommends,recommend,1,1,-6.675308227539063,-10.346363067626951,3.67105484008789,6.675308227539063,10.346363067626951,16,1.2769125699996948,0.4939772188663482,0.1235122829675674,0.0553437881171703,20,1,6,6
gpt2-large,5,ORC,b,singular,plural,grammatical,The authors who the librarian,recommends,recommends,recommend,1,1,-6.474663257598877,-9.938264846801758,3.463601589202881,6.474663257598877,9.938264846801758,16,1.1731055974960327,0.4538191258907318,0.1246205568313598,0.0565700121223926,20,1,6,6
gpt2-large,5,ORC,c,singular,singular,ungrammatical,The author who the librarian,recommend,recommends,recommend,1,1,-6.675308227539063,-10.346363067626951,3.67105484008789,6.675308227539063,10.346363067626951,16,1.2404718399047852,0.4798800051212311,0.1170443296432495,0.0554367117583751,20,1,6,6
gpt2-large,5,ORC,d,singular,plural,ungrammatical,The authors who the librarian,recommend,recommends,recommend,1,1,-6.474663257598877,-9.938264846801758,3.463601589202881,6.474663257598877,9.938264846801758,16,1.1592185497283936,0.4484469890594482,0.1206803545355796,0.0546996966004371,20,1,6,6
gpt2-large,5,ORC,e,plural,singular,grammatical,The author who the librarians,recommend,recommend,recommends,1,1,-6.30721378326416,-10.865458488464355,4.558244705200195,6.30721378326416,10.865458488464355,16,1.3852943181991575,0.4934517741203308,0.1337534785270691,0.0615059025585651,20,1,7,7
gpt2-large,5,ORC,f,plural,plural,grammatical,The authors who the librarians,recommend,recommend,recommends,1,1,-6.2036638259887695,-11.157537460327148,4.953873634338379,6.2036638259887695,11.157537460327148,16,1.269455909729004,0.4521892666816711,0.1353596001863479,0.0595128051936626,20,1,7,7
gpt2-large,5,ORC,g,plural,singular,ungrammatical,The author who the librarians,recommends,recommend,recommends,1,1,-6.30721378326416,-10.865458488464355,4.558244705200195,6.30721378326416,10.865458488464355,16,1.3528989553451538,0.4819123148918152,0.1400421410799026,0.0567290410399436,20,1,7,7
gpt2-large,5,ORC,h,plural,plural,ungrammatical,The authors who the librarians,recommends,recommend,recommends,1,1,-6.2036638259887695,-11.157537460327148,4.953873634338379,6.2036638259887695,11.157537460327148,16,1.2556827068328855,0.4472832083702087,0.1376471668481826,0.0633776038885116,20,1,7,7
gpt2-large,6,ORC,a,singular,singular,grammatical,The pilot who the smuggler,employs,employs,employ,1,1,-8.577980041503906,-12.357120513916016,3.779140472412109,8.577980041503906,12.357120513916016,16,1.3888399600982666,0.5372766256332397,0.1195284351706504,0.0583277940750122,20,1,6,6
gpt2-large,6,ORC,b,singular,plural,grammatical,The pilots who the smuggler,employs,employs,employ,1,1,-7.997518062591553,-10.851123809814451,2.8536057472229004,7.997518062591553,10.851123809814451,16,1.262476682662964,0.4883926808834076,0.1123240366578102,0.0919347181916236,20,1,6,6
gpt2-large,6,ORC,c,singular,singular,ungrammatical,The pilot who the smuggler,employ,employs,employ,1,1,-8.577980041503906,-12.357120513916016,3.779140472412109,8.577980041503906,12.357120513916016,16,1.2996803522109983,0.5027849078178406,0.1274244934320449,0.0404584780335426,20,1,6,6
gpt2-large,6,ORC,d,singular,plural,ungrammatical,The pilots who the smuggler,employ,employs,employ,1,1,-7.997518062591553,-10.851123809814451,2.8536057472229004,7.997518062591553,10.851123809814451,16,1.2433499097824097,0.4809934198856354,0.1111999750137329,0.0834595337510109,20,1,6,6
gpt2-large,6,ORC,e,plural,singular,grammatical,The pilot who the smugglers,employ,employ,employs,1,1,-7.629878997802734,-12.460375785827637,4.830496788024902,7.629878997802734,12.460375785827637,16,1.2493023872375488,0.5380452871322632,0.1156077161431312,0.0536291897296905,20,1,5,5
gpt2-large,6,ORC,f,plural,plural,grammatical,The pilots who the smugglers,employ,employ,employs,1,1,-5.572990417480469,-12.042028427124023,6.469038009643555,5.572990417480469,12.042028427124023,16,1.1503924131393433,0.4954470694065094,0.1045786887407302,0.0796632021665573,20,1,5,5
gpt2-large,6,ORC,g,plural,singular,ungrammatical,The pilot who the smugglers,employs,employ,employs,1,1,-7.629878997802734,-12.460375785827637,4.830496788024902,7.629878997802734,12.460375785827637,16,1.2538303136825562,0.5399953126907349,0.1126674190163612,0.0616770200431346,20,1,5,5
gpt2-large,6,ORC,h,plural,plural,ungrammatical,The pilots who the smugglers,employs,employ,employs,1,1,-5.572990417480469,-12.042028427124023,6.469038009643555,5.572990417480469,12.042028427124023,16,1.1805412769317627,0.5084314346313477,0.1096344143152237,0.0853395909070968,20,1,5,5
gpt2-large,7,ORC,a,singular,singular,grammatical,The colleague who the researcher,spends,spends,spend,1,1,-9.13446044921875,-12.587392807006836,3.452932357788086,9.13446044921875,12.587392807006836,16,1.276038408279419,0.5495598316192627,0.1427422910928726,0.0988389700651168,20,1,5,5
gpt2-large,7,ORC,b,singular,plural,grammatical,The colleagues who the researcher,spends,spends,spend,1,1,-8.803740501403809,-11.561124801635742,2.7573843002319336,8.803740501403809,11.561124801635742,16,1.1958240270614624,0.5150133967399597,0.1412228941917419,0.1023650616407394,20,1,5,5
gpt2-large,7,ORC,c,singular,singular,ungrammatical,The colleague who the researcher,spend,spends,spend,1,1,-9.13446044921875,-12.587392807006836,3.452932357788086,9.13446044921875,12.587392807006836,16,1.2452430725097656,0.5362970232963562,0.1420337110757827,0.0831861123442649,20,1,5,5
gpt2-large,7,ORC,d,singular,plural,ungrammatical,The colleagues who the researcher,spend,spends,spend,1,1,-8.803740501403809,-11.561124801635742,2.7573843002319336,8.803740501403809,11.561124801635742,16,1.239657640457153,0.5338915586471558,0.1325707733631134,0.0986926183104515,20,1,5,5
gpt2-large,7,ORC,e,plural,singular,grammatical,The colleague who the researchers,spend,spend,spends,1,1,-10.25263214111328,-15.689544677734377,5.436912536621094,10.25263214111328,15.689544677734377,16,1.2108465433120728,0.5214831829071045,0.1520429849624633,0.0923123955726623,20,1,5,5
gpt2-large,7,ORC,f,plural,plural,grammatical,The colleagues who the researchers,spend,spend,spends,1,1,-9.845406532287598,-15.770798683166504,5.925392150878906,9.845406532287598,15.770798683166504,16,1.1979844570159912,0.5159438848495483,0.1379743367433548,0.0983386784791946,20,1,5,5
gpt2-large,7,ORC,g,plural,singular,ungrammatical,The colleague who the researchers,spends,spend,spends,1,1,-10.25263214111328,-15.689544677734377,5.436912536621094,10.25263214111328,15.689544677734377,16,1.2641464471817017,0.5444382429122925,0.1458199322223663,0.0987928211688995,20,1,5,5
gpt2-large,7,ORC,h,plural,plural,ungrammatical,The colleagues who the researchers,spends,spend,spends,1,1,-9.845406532287598,-15.770798683166504,5.925392150878906,9.845406532287598,15.770798683166504,16,1.2619539499282837,0.5434939861297607,0.1266354173421859,0.1127655059099197,20,1,5,5
gpt2-large,8,ORC,a,singular,singular,grammatical,The patient who the doctor,checks,checks,check,1,1,-8.253423690795898,-11.689946174621582,3.436522483825684,8.253423690795898,11.689946174621582,16,1.1937928199768066,0.5141385793685913,0.1240908280014991,0.0553470253944397,20,1,5,5
gpt2-large,8,ORC,b,singular,plural,grammatical,The patients who the doctor,checks,checks,check,1,1,-8.016963005065918,-11.457213401794434,3.440250396728516,8.016963005065918,11.457213401794434,16,1.194968581199646,0.5146449208259583,0.1328934878110885,0.073720596730709,20,1,5,5
gpt2-large,8,ORC,c,singular,singular,ungrammatical,The patient who the doctor,check,checks,check,1,1,-8.253423690795898,-11.689946174621582,3.436522483825684,8.253423690795898,11.689946174621582,16,1.129951238632202,0.4866435527801513,0.1479324549436569,0.0421238169074058,20,1,5,5
gpt2-large,8,ORC,d,singular,plural,ungrammatical,The patients who the doctor,check,checks,check,1,1,-8.016963005065918,-11.457213401794434,3.440250396728516,8.016963005065918,11.457213401794434,16,1.1820228099822998,0.509069561958313,0.1410840004682541,0.0631220266222953,20,1,5,5
gpt2-large,8,ORC,e,plural,singular,grammatical,The patient who the doctors,check,check,checks,1,1,-9.31153678894043,-13.282610893249512,3.971074104309082,9.31153678894043,13.282610893249512,16,1.1668338775634766,0.5025280117988586,0.1394213140010833,0.0486037246882915,20,1,5,5
gpt2-large,8,ORC,f,plural,plural,grammatical,The patients who the doctors,check,check,checks,1,1,-8.665178298950195,-13.259800910949709,4.594622611999512,8.665178298950195,13.259800910949709,16,1.1701867580413818,0.503972053527832,0.1329553425312042,0.069262221455574,20,1,5,5
gpt2-large,8,ORC,g,plural,singular,ungrammatical,The patient who the doctors,checks,check,checks,1,1,-9.31153678894043,-13.282610893249512,3.971074104309082,9.31153678894043,13.282610893249512,16,1.1846277713775637,0.5101913809776306,0.1366672068834304,0.0510488338768482,20,1,5,5
gpt2-large,8,ORC,h,plural,plural,ungrammatical,The patients who the doctors,checks,check,checks,1,1,-8.665178298950195,-13.259800910949709,4.594622611999512,8.665178298950195,13.259800910949709,16,1.154716730117798,0.4973093867301941,0.1591168940067291,0.0560617558658123,20,1,5,5
gpt2-large,9,ORC,a,singular,singular,grammatical,The Marine who the officer,wants,wants,want,1,1,-6.060364723205566,-10.455071449279783,4.394706726074219,6.060364723205566,10.455071449279783,16,1.2029054164886477,0.5180631875991821,0.1628426015377044,0.0296068824827671,20,1,5,5
gpt2-large,9,ORC,b,singular,plural,grammatical,The Marines who the officer,wants,wants,want,1,1,-5.827270984649658,-10.251382827758787,4.424111843109131,5.827270984649658,10.251382827758787,16,1.1420317888259888,0.4918463826179504,0.1513908207416534,0.044648952782154,20,1,5,5
gpt2-large,9,ORC,c,singular,singular,ungrammatical,The Marine who the officer,want,wants,want,1,1,-6.060364723205566,-10.455071449279783,4.394706726074219,6.060364723205566,10.455071449279783,16,1.121287226676941,0.4829121530056,0.1428474634885788,0.0295047871768474,20,1,5,5
gpt2-large,9,ORC,d,singular,plural,ungrammatical,The Marines who the officer,want,wants,want,1,1,-5.827270984649658,-10.251382827758787,4.424111843109131,5.827270984649658,10.251382827758787,16,1.1108691692352295,0.4784252643585205,0.1387822329998016,0.04280686378479,20,1,5,5
gpt2-large,9,ORC,e,plural,singular,grammatical,The Marine who the officers,want,want,wants,1,1,-5.591285705566406,-10.405774116516112,4.814488410949707,5.591285705566406,10.405774116516112,16,1.152902603149414,0.4965280890464782,0.1430698931217193,0.0321952328085899,20,1,5,5
gpt2-large,9,ORC,f,plural,plural,grammatical,The Marines who the officers,want,want,wants,1,1,-4.771618366241455,-10.044145584106444,5.27252721786499,4.771618366241455,10.044145584106444,16,1.1278600692749023,0.4857428967952728,0.1258856952190399,0.0452947951853275,20,1,5,5
gpt2-large,9,ORC,g,plural,singular,ungrammatical,The Marine who the officers,wants,want,wants,1,1,-5.591285705566406,-10.405774116516112,4.814488410949707,5.591285705566406,10.405774116516112,16,1.194757342338562,0.514553964138031,0.1673616766929626,0.0305696092545986,20,1,5,5
gpt2-large,9,ORC,h,plural,plural,ungrammatical,The Marines who the officers,wants,want,wants,1,1,-4.771618366241455,-10.044145584106444,5.27252721786499,4.771618366241455,10.044145584106444,16,1.1778974533081057,0.5072928667068481,0.1424506902694702,0.0482839308679103,20,1,5,5
gpt2-large,10,ORC,a,singular,singular,grammatical,The sculptor who the donor,supports,supports,support,1,1,-6.205549240112305,-8.347517013549805,2.1419677734375,6.205549240112305,8.347517013549805,16,1.3045238256454468,0.5046586990356445,0.1326578706502914,0.0725536942481994,20,1,6,6
gpt2-large,10,ORC,b,singular,plural,grammatical,The sculptors who the donor,supports,supports,support,1,1,-5.752212047576904,-7.604527950286865,1.852315902709961,5.752212047576904,7.604527950286865,16,1.1733527183532717,0.4539147913455963,0.1254390776157379,0.0697052404284477,20,1,6,6
gpt2-large,10,ORC,c,singular,singular,ungrammatical,The sculptor who the donor,support,supports,support,1,1,-6.205549240112305,-8.347517013549805,2.1419677734375,6.205549240112305,8.347517013549805,16,1.1830337047576904,0.457659900188446,0.1518846154212951,0.0608394816517829,20,1,6,6
gpt2-large,10,ORC,d,singular,plural,ungrammatical,The sculptors who the donor,support,supports,support,1,1,-5.752212047576904,-7.604527950286865,1.852315902709961,5.752212047576904,7.604527950286865,16,1.1848145723342896,0.4583488404750824,0.1331875622272491,0.0634633302688598,20,1,6,6
gpt2-large,10,ORC,e,plural,singular,grammatical,The sculptor who the donors,support,support,supports,1,1,-5.223087310791016,-10.011106491088867,4.788019180297852,5.223087310791016,10.011106491088867,16,1.2534805536270142,0.4849124550819397,0.1396433413028717,0.0653659999370575,20,1,6,6
gpt2-large,10,ORC,f,plural,plural,grammatical,The sculptors who the donors,support,support,supports,1,1,-4.681198120117188,-10.083858489990234,5.402660369873047,4.681198120117188,10.083858489990234,16,1.1817665100097656,0.4571697115898132,0.1287361681461334,0.0651128515601158,20,1,6,6
gpt2-large,10,ORC,g,plural,singular,ungrammatical,The sculptor who the donors,supports,support,supports,1,1,-5.223087310791016,-10.011106491088867,4.788019180297852,5.223087310791016,10.011106491088867,16,1.2778068780899048,0.494323194026947,0.1500951945781707,0.0742431506514549,20,1,6,6
gpt2-large,10,ORC,h,plural,plural,ungrammatical,The sculptors who the donors,supports,support,supports,1,1,-4.681198120117188,-10.083858489990234,5.402660369873047,4.681198120117188,10.083858489990234,16,1.1931993961334229,0.4615925848484039,0.1556778848171234,0.0765139311552047,20,1,6,6
gpt2-large,11,ORC,a,singular,singular,grammatical,The caterer who the hostess,suggests,suggests,suggest,1,1,-7.16395378112793,-9.997754096984863,2.8338003158569336,7.16395378112793,9.997754096984863,16,1.3649237155914309,0.4549745619297027,0.1055931597948074,0.0657932013273239,20,1,8,8
gpt2-large,11,ORC,b,singular,plural,grammatical,The caterers who the hostess,suggests,suggests,suggest,1,1,-7.812212944030762,-9.666448593139648,1.8542356491088867,7.812212944030762,9.666448593139648,16,1.293979287147522,0.4313264787197113,0.1075422763824462,0.0653039366006851,20,1,8,8
gpt2-large,11,ORC,c,singular,singular,ungrammatical,The caterer who the hostess,suggest,suggests,suggest,1,1,-7.16395378112793,-9.997754096984863,2.8338003158569336,7.16395378112793,9.997754096984863,16,1.3227676153182983,0.4409224987030029,0.1043467968702316,0.0648726597428321,20,1,8,8
gpt2-large,11,ORC,d,singular,plural,ungrammatical,The caterers who the hostess,suggest,suggests,suggest,1,1,-7.812212944030762,-9.666448593139648,1.8542356491088867,7.812212944030762,9.666448593139648,16,1.3043735027313232,0.4347911775112152,0.1131462827324867,0.0750507861375808,20,1,8,8
gpt2-large,11,ORC,e,plural,singular,grammatical,The caterer who the hostesses,suggest,suggest,suggests,1,1,-6.997841358184815,-10.754167556762695,3.756326198577881,6.997841358184815,10.754167556762695,16,1.321173906326294,0.4403913617134094,0.1321849972009658,0.0614714510738849,20,1,8,8
gpt2-large,11,ORC,f,plural,plural,grammatical,The caterers who the hostesses,suggest,suggest,suggests,1,1,-7.82071590423584,-12.4231538772583,4.602437973022461,7.82071590423584,12.4231538772583,16,1.2967358827590942,0.4322453141212463,0.1116314306855201,0.0671478658914566,20,1,8,8
gpt2-large,11,ORC,g,plural,singular,ungrammatical,The caterer who the hostesses,suggests,suggest,suggests,1,1,-6.997841358184815,-10.754167556762695,3.756326198577881,6.997841358184815,10.754167556762695,16,1.3396871089935305,0.4465623497962951,0.1281382143497467,0.058624792844057,20,1,8,8
gpt2-large,11,ORC,h,plural,plural,ungrammatical,The caterers who the hostesses,suggests,suggest,suggests,1,1,-7.82071590423584,-12.4231538772583,4.602437973022461,7.82071590423584,12.4231538772583,16,1.2937198877334597,0.4312399923801422,0.1233566775918006,0.0618465915322303,20,1,8,8
gpt2-large,12,ORC,a,singular,singular,grammatical,The senator who the voter,listens,listens,listen,1,1,-9.35740566253662,-13.85402774810791,4.496622085571289,9.35740566253662,13.85402774810791,16,1.1677592992782593,0.5029266476631165,0.159709021449089,0.0468768253922462,20,1,5,5
gpt2-large,12,ORC,b,singular,plural,grammatical,The senators who the voter,listens,listens,listen,1,1,-10.273722648620604,-13.319530487060549,3.0458078384399414,10.273722648620604,13.319530487060549,16,1.126193284988403,0.4850250780582428,0.1616182476282119,0.0566915683448314,20,1,5,5
gpt2-large,12,ORC,c,singular,singular,ungrammatical,The senator who the voter,listen,listens,listen,1,1,-9.35740566253662,-13.85402774810791,4.496622085571289,9.35740566253662,13.85402774810791,16,1.110979676246643,0.478472888469696,0.1640025377273559,0.0466936826705932,20,1,5,5
gpt2-large,12,ORC,d,singular,plural,ungrammatical,The senators who the voter,listen,listens,listen,1,1,-10.273722648620604,-13.319530487060549,3.0458078384399414,10.273722648620604,13.319530487060549,16,1.081010103225708,0.4655657410621643,0.1725941747426986,0.0481103248894214,20,1,5,5
gpt2-large,12,ORC,e,plural,singular,grammatical,The senator who the voters,listen,listen,listens,1,1,-10.932443618774414,-15.014076232910156,4.081632614135742,10.932443618774414,15.014076232910156,16,0.9848579168319702,0.4241552352905273,0.141856238245964,0.0388894528150558,20,1,5,5
gpt2-large,12,ORC,f,plural,plural,grammatical,The senators who the voters,listen,listen,listens,1,1,-10.418092727661133,-14.659103393554688,4.241010665893555,10.418092727661133,14.659103393554688,16,0.9460854530334472,0.4074568748474121,0.1516405045986175,0.0433561354875564,20,1,5,5
gpt2-large,12,ORC,g,plural,singular,ungrammatical,The senator who the voters,listens,listen,listens,1,1,-10.932443618774414,-15.014076232910156,4.081632614135742,10.932443618774414,15.014076232910156,16,1.0480239391326904,0.451359361410141,0.1743139326572418,0.0368259847164154,20,1,5,5
gpt2-large,12,ORC,h,plural,plural,ungrammatical,The senators who the voters,listens,listen,listens,1,1,-10.418092727661133,-14.659103393554688,4.241010665893555,10.418092727661133,14.659103393554688,16,0.9620822668075562,0.414346307516098,0.1669090688228607,0.0430874675512313,20,1,5,5
gpt2-large,13,ORC,a,singular,singular,grammatical,The teenager who the farmer,hires,hires,hire,1,1,-10.275663375854492,-13.248750686645508,2.973087310791016,10.275663375854492,13.248750686645508,16,1.340154051780701,0.5771729350090027,0.1601846516132354,0.0683052986860275,20,1,5,5
gpt2-large,13,ORC,b,singular,plural,grammatical,The teenagers who the farmer,hires,hires,hire,1,1,-7.819196701049805,-10.797477722167969,2.978281021118164,7.819196701049805,10.797477722167969,16,1.252723217010498,0.5395185947418213,0.1366737931966781,0.0832486003637313,20,1,5,5
gpt2-large,13,ORC,c,singular,singular,ungrammatical,The teenager who the farmer,hire,hires,hire,1,1,-10.275663375854492,-13.248750686645508,2.973087310791016,10.275663375854492,13.248750686645508,16,1.101949691772461,0.4745839238166809,0.1803363412618637,0.0352576151490211,20,1,5,5
gpt2-large,13,ORC,d,singular,plural,ungrammatical,The teenagers who the farmer,hire,hires,hire,1,1,-7.819196701049805,-10.797477722167969,2.978281021118164,7.819196701049805,10.797477722167969,16,1.194486379623413,0.5144373178482056,0.1383473426103592,0.0655628591775894,20,1,5,5
gpt2-large,13,ORC,e,plural,singular,grammatical,The teenager who the farmers,hire,hire,hires,1,1,-9.802562713623049,-14.780563354492188,4.978000640869141,9.802562713623049,14.780563354492188,16,1.2280765771865845,0.5289038419723511,0.1523103863000869,0.0611374303698539,20,1,5,5
gpt2-large,13,ORC,f,plural,plural,grammatical,The teenagers who the farmers,hire,hire,hires,1,1,-6.667122840881348,-12.470602989196776,5.80348014831543,6.667122840881348,12.470602989196776,16,1.170013666152954,0.503897488117218,0.1295183897018432,0.0688012465834617,20,1,5,5
gpt2-large,13,ORC,g,plural,singular,ungrammatical,The teenager who the farmers,hires,hire,hires,1,1,-9.802562713623049,-14.780563354492188,4.978000640869141,9.802562713623049,14.780563354492188,16,1.2483327388763428,0.5376278162002563,0.1453171819448471,0.067135564982891,20,1,5,5
gpt2-large,13,ORC,h,plural,plural,ungrammatical,The teenagers who the farmers,hires,hire,hires,1,1,-6.667122840881348,-12.470602989196776,5.80348014831543,6.667122840881348,12.470602989196776,16,1.19610333442688,0.5151336789131165,0.1354111582040786,0.0690829530358314,20,1,5,5
gpt2-large,14,ORC,a,singular,singular,grammatical,The goalie who the fan,holds,holds,hold,1,1,-8.354284286499023,-11.235544204711914,2.88125991821289,8.354284286499023,11.235544204711914,16,1.2331111431121826,0.5310720801353455,0.1339410841464996,0.040821686387062,20,1,5,5
gpt2-large,14,ORC,b,singular,plural,grammatical,The goalies who the fan,holds,holds,hold,1,1,-9.802386283874512,-11.47691249847412,1.6745262145996094,9.802386283874512,11.47691249847412,16,1.2269821166992188,0.4746614396572113,0.1432239860296249,0.0619076266884803,20,1,6,6
gpt2-large,14,ORC,c,singular,singular,ungrammatical,The goalie who the fan,hold,holds,hold,1,1,-8.354284286499023,-11.235544204711914,2.88125991821289,8.354284286499023,11.235544204711914,16,1.126919507980347,0.4853378236293793,0.1496895849704742,0.0267296787351369,20,1,5,5
gpt2-large,14,ORC,d,singular,plural,ungrammatical,The goalies who the fan,hold,holds,hold,1,1,-9.802386283874512,-11.47691249847412,1.6745262145996094,9.802386283874512,11.47691249847412,16,1.1902495622634888,0.4604514241218567,0.1567421555519104,0.0470344796776771,20,1,6,6
gpt2-large,14,ORC,e,plural,singular,grammatical,The goalie who the fans,hold,hold,holds,1,1,-6.310449600219727,-12.474573135375977,6.16412353515625,6.310449600219727,12.474573135375977,16,1.1154953241348269,0.4804176688194275,0.1679340153932571,0.0299192760139703,20,1,5,5
gpt2-large,14,ORC,f,plural,plural,grammatical,The goalies who the fans,hold,hold,holds,1,1,-6.238800048828125,-12.65528678894043,6.416486740112305,6.238800048828125,12.65528678894043,16,1.0973882675170898,0.424527645111084,0.1560928970575332,0.0449485518038272,20,1,6,6
gpt2-large,14,ORC,g,plural,singular,ungrammatical,The goalie who the fans,holds,hold,holds,1,1,-6.310449600219727,-12.474573135375977,6.16412353515625,6.310449600219727,12.474573135375977,16,1.168903946876526,0.5034195184707642,0.154480904340744,0.0359533168375492,20,1,5,5
gpt2-large,14,ORC,h,plural,plural,ungrammatical,The goalies who the fans,holds,hold,holds,1,1,-6.238800048828125,-12.65528678894043,6.416486740112305,6.238800048828125,12.65528678894043,16,1.138733148574829,0.4405221045017242,0.1561330109834671,0.0512546189129352,20,1,6,6
gpt2-large,15,ORC,a,singular,singular,grammatical,The quarterback who the recruiter,watches,watches,watch,1,1,-7.803106307983398,-11.138014793395996,3.3349084854125977,7.803106307983398,11.138014793395996,16,1.2875221967697144,0.4980815351009369,0.1412373632192611,0.0384143851697444,20,1,6,6
gpt2-large,15,ORC,b,singular,plural,grammatical,The quarterbacks who the recruiter,watches,watches,watch,1,1,-7.020979881286621,-10.231383323669434,3.2104034423828125,7.020979881286621,10.231383323669434,16,1.2328976392745972,0.4769498705863952,0.1475509107112884,0.0478682145476341,20,1,6,6
gpt2-large,15,ORC,c,singular,singular,ungrammatical,The quarterback who the recruiter,watch,watches,watch,1,1,-7.803106307983398,-11.138014793395996,3.3349084854125977,7.803106307983398,11.138014793395996,16,1.1704285144805908,0.4527835249900818,0.1731476038694381,0.0281898919492959,20,1,6,6
gpt2-large,15,ORC,d,singular,plural,ungrammatical,The quarterbacks who the recruiter,watch,watches,watch,1,1,-7.020979881286621,-10.231383323669434,3.2104034423828125,7.020979881286621,10.231383323669434,16,1.1557544469833374,0.4471068382263183,0.1696673929691314,0.0357222147285938,20,1,6,6
gpt2-large,15,ORC,e,plural,singular,grammatical,The quarterback who the recruiters,watch,watch,watches,1,1,-7.231202125549316,-13.429823875427246,6.19862174987793,7.231202125549316,13.429823875427246,16,1.2692455053329468,0.4910110831260681,0.1853630244731903,0.0301996767520904,20,1,6,6
gpt2-large,15,ORC,f,plural,plural,grammatical,The quarterbacks who the recruiters,watch,watch,watches,1,1,-6.325924873352051,-13.09428596496582,6.7683610916137695,6.325924873352051,13.09428596496582,16,1.245179533958435,0.4817012846469879,0.1822471022605896,0.0434929952025413,20,1,6,6
gpt2-large,15,ORC,g,plural,singular,ungrammatical,The quarterback who the recruiters,watches,watch,watches,1,1,-7.231202125549316,-13.429823875427246,6.19862174987793,7.231202125549316,13.429823875427246,16,1.310523271560669,0.5069795846939087,0.1930722296237945,0.0341083519160747,20,1,6,6
gpt2-large,15,ORC,h,plural,plural,ungrammatical,The quarterbacks who the recruiters,watches,watch,watches,1,1,-6.325924873352051,-13.09428596496582,6.7683610916137695,6.325924873352051,13.09428596496582,16,1.250078201293945,0.4835962653160095,0.1847942620515823,0.0451724790036678,20,1,6,6
gpt2-large,16,ORC,a,singular,singular,grammatical,The publicist who the politician,uses,uses,use,1,1,-5.375087738037109,-9.55767822265625,4.182590484619141,5.375087738037109,9.55767822265625,16,1.3071264028549194,0.5056654810905457,0.1316346377134323,0.095812477171421,20,1,6,6
gpt2-large,16,ORC,b,singular,plural,grammatical,The publicists who the politician,uses,uses,use,1,1,-4.451074600219727,-8.288609504699707,3.837534904479981,4.451074600219727,8.288609504699707,16,1.1975219249725342,0.4632647037506103,0.1153269186615943,0.1000562459230423,20,1,6,6
gpt2-large,16,ORC,c,singular,singular,ungrammatical,The publicist who the politician,use,uses,use,1,1,-5.375087738037109,-9.55767822265625,4.182590484619141,5.375087738037109,9.55767822265625,16,1.188337326049805,0.4597116112709045,0.112649992108345,0.0757293328642845,20,1,6,6
gpt2-large,16,ORC,d,singular,plural,ungrammatical,The publicists who the politician,use,uses,use,1,1,-4.451074600219727,-8.288609504699707,3.837534904479981,4.451074600219727,8.288609504699707,16,1.1508878469467163,0.4452241361141205,0.1087796837091445,0.0874397084116935,20,1,6,6
gpt2-large,16,ORC,e,plural,singular,grammatical,The publicist who the politicians,use,use,uses,1,1,-5.219908237457275,-10.249027252197266,5.02911901473999,5.219908237457275,10.249027252197266,16,1.2292455434799194,0.4755370616912842,0.1083488911390304,0.1082383543252945,20,1,6,6
gpt2-large,16,ORC,f,plural,plural,grammatical,The publicists who the politicians,use,use,uses,1,1,-3.5565669536590576,-9.855050086975098,6.29848313331604,3.5565669536590576,9.855050086975098,16,1.1510645151138306,0.4452925324440002,0.1047291010618209,0.1033421009778976,20,1,6,6
gpt2-large,16,ORC,g,plural,singular,ungrammatical,The publicist who the politicians,uses,use,uses,1,1,-5.219908237457275,-10.249027252197266,5.02911901473999,5.219908237457275,10.249027252197266,16,1.2213085889816284,0.4724666476249695,0.1213631033897399,0.0999027043581008,20,1,6,6
gpt2-large,16,ORC,h,plural,plural,ungrammatical,The publicists who the politicians,uses,use,uses,1,1,-3.5565669536590576,-9.855050086975098,6.29848313331604,3.5565669536590576,9.855050086975098,16,1.149798035621643,0.4448025822639465,0.1196392551064491,0.0994635224342346,20,1,6,6
gpt2-large,17,ORC,a,singular,singular,grammatical,The tenant who the landlord strongly,disapproves,disapproves,disapprove,2,1,-4.04683755338192,-9.905590057373049,5.858752503991127,4.04683755338192,9.905590057373049,16,1.0006449222564695,0.3871022760868072,0.0566513165831565,0.0261217057704925,20,2,6,6
gpt2-large,17,ORC,b,singular,plural,grammatical,The tenants who the landlord strongly,disapproves,disapproves,disapprove,2,1,-4.6455046236515045,-8.150331497192383,3.5048268735408783,4.6455046236515045,8.150331497192383,16,0.9950965642929076,0.3849559128284454,0.0554156489670276,0.0295811537653207,20,2,6,6
gpt2-large,17,ORC,c,singular,singular,ungrammatical,The tenant who the landlord strongly,disapprove,disapproves,disapprove,2,1,-4.04683755338192,-9.905590057373049,5.858752503991127,4.04683755338192,9.905590057373049,16,1.233642578125,0.4772379994392395,0.0742760002613067,0.048472873866558,20,1,6,6
gpt2-large,17,ORC,d,singular,plural,ungrammatical,The tenants who the landlord strongly,disapprove,disapproves,disapprove,2,1,-4.6455046236515045,-8.150331497192383,3.5048268735408783,4.6455046236515045,8.150331497192383,16,1.2634423971176147,0.4887662827968597,0.0696500390768051,0.0564398467540741,20,1,6,6
gpt2-large,17,ORC,e,plural,singular,grammatical,The tenant who the landlords strongly,disapprove,disapprove,disapproves,1,2,-4.662442207336426,-7.741665840148926,3.0792236328125,4.662442207336426,7.741665840148926,16,1.3002800941467283,0.5030170679092407,0.0809565037488937,0.0568249449133873,20,1,6,6
gpt2-large,17,ORC,f,plural,plural,grammatical,The tenants who the landlords strongly,disapprove,disapprove,disapproves,1,2,-4.87796688079834,-11.207308769226074,6.329341888427734,4.87796688079834,11.207308769226074,16,1.2765753269195557,0.4938467144966125,0.0770405679941177,0.0585424825549125,20,1,6,6
gpt2-large,17,ORC,g,plural,singular,ungrammatical,The tenant who the landlords strongly,disapproves,disapprove,disapproves,1,2,-4.662442207336426,-7.741665840148926,3.0792236328125,4.662442207336426,7.741665840148926,16,0.987112522125244,0.3818672597408294,0.0598043613135814,0.0264905337244272,20,2,6,6
gpt2-large,17,ORC,h,plural,plural,ungrammatical,The tenants who the landlords strongly,disapproves,disapprove,disapproves,1,2,-4.87796688079834,-11.207308769226074,6.329341888427734,4.87796688079834,11.207308769226074,16,0.981867790222168,0.3798382878303528,0.0565206706523895,0.0288919545710086,20,2,6,6
gpt2-large,18,ORC,a,singular,singular,grammatical,The skateboarder who the kid,admires,admires,admire,2,1,-8.462641842663288,-9.872005462646484,1.4093636199831965,8.462641842663288,9.872005462646484,16,0.9894834756851196,0.3524610996246338,0.1336370706558227,0.0324361398816108,20,2,7,7
gpt2-large,18,ORC,b,singular,plural,grammatical,The skateboarders who the kid,admires,admires,admire,2,1,-8.878232825547457,-10.130471229553224,1.252238404005766,8.878232825547457,10.130471229553224,16,0.9445151090621948,0.3364430963993072,0.140148252248764,0.034168429672718,20,2,7,7
gpt2-large,18,ORC,c,singular,singular,ungrammatical,The skateboarder who the kid,admire,admires,admire,2,1,-8.462641842663288,-9.872005462646484,1.4093636199831965,8.462641842663288,9.872005462646484,16,1.3721565008163452,0.4887720048427582,0.1492375284433365,0.0628799423575401,20,1,7,7
gpt2-large,18,ORC,d,singular,plural,ungrammatical,The skateboarders who the kid,admire,admires,admire,2,1,-8.878232825547457,-10.130471229553224,1.252238404005766,8.878232825547457,10.130471229553224,16,1.3744022846221924,0.4895719587802887,0.1517974585294723,0.0789315849542617,20,1,7,7
gpt2-large,18,ORC,e,plural,singular,grammatical,The skateboarder who the kids,admire,admire,admires,1,2,-6.503007888793945,-11.14517617225647,4.642168283462524,6.503007888793945,11.14517617225647,16,1.486454725265503,0.5294859409332275,0.1585822701454162,0.0907723233103752,20,1,7,7
gpt2-large,18,ORC,f,plural,plural,grammatical,The skateboarders who the kids,admire,admire,admires,1,2,-5.733794689178467,-10.763652563095093,5.029857873916626,5.733794689178467,10.763652563095093,16,1.4301084280014038,0.5094148516654968,0.1605241000652313,0.090726301074028,20,1,7,7
gpt2-large,18,ORC,g,plural,singular,ungrammatical,The skateboarder who the kids,admires,admire,admires,1,2,-6.503007888793945,-11.14517617225647,4.642168283462524,6.503007888793945,11.14517617225647,16,0.9893496632575988,0.3524134457111358,0.1461749225854873,0.033384833484888,20,2,7,7
gpt2-large,18,ORC,h,plural,plural,ungrammatical,The skateboarders who the kids,admires,admire,admires,1,2,-5.733794689178467,-10.763652563095093,5.029857873916626,5.733794689178467,10.763652563095093,16,0.983598530292511,0.3503648340702057,0.142904907464981,0.03419816121459,20,2,7,7
gpt2-large,19,ORC,a,singular,singular,grammatical,The chef who the gourmet,visits,visits,visit,1,1,-9.534326553344728,-9.927332878112791,0.3930063247680664,9.534326553344728,9.927332878112791,16,1.132659673690796,0.4381725192070007,0.1417578011751175,0.0395554900169372,20,1,6,6
gpt2-large,19,ORC,b,singular,plural,grammatical,The chefs who the gourmet,visits,visits,visit,1,1,-9.410160064697266,-9.716755867004396,0.3065958023071289,9.410160064697266,9.716755867004396,16,1.036815881729126,0.4010950624942779,0.1367306411266327,0.0355162657797336,20,1,6,6
gpt2-large,19,ORC,c,singular,singular,ungrammatical,The chef who the gourmet,visit,visits,visit,1,1,-9.534326553344728,-9.927332878112791,0.3930063247680664,9.534326553344728,9.927332878112791,16,1.0433112382888794,0.4036078453063965,0.1689966470003128,0.0302474740892648,20,1,6,6
gpt2-large,19,ORC,d,singular,plural,ungrammatical,The chefs who the gourmet,visit,visits,visit,1,1,-9.410160064697266,-9.716755867004396,0.3065958023071289,9.410160064697266,9.716755867004396,16,1.047695517539978,0.405303955078125,0.1464075148105621,0.0375908836722373,20,1,6,6
gpt2-large,19,ORC,e,plural,singular,grammatical,The chef who the gourmets,visit,visit,visits,1,1,-8.959941864013672,-14.54073715209961,5.5807952880859375,8.959941864013672,14.54073715209961,16,1.2883316278457642,0.4294439256191253,0.1555140018463134,0.0445649251341819,20,1,8,8
gpt2-large,19,ORC,f,plural,plural,grammatical,The chefs who the gourmets,visit,visit,visits,1,1,-6.158010482788086,-12.566950798034668,6.408940315246582,6.158010482788086,12.566950798034668,16,1.2376717329025269,0.4125572741031647,0.1382660120725631,0.0531036481261253,20,1,8,8
gpt2-large,19,ORC,g,plural,singular,ungrammatical,The chef who the gourmets,visits,visit,visits,1,1,-8.959941864013672,-14.54073715209961,5.5807952880859375,8.959941864013672,14.54073715209961,16,1.348374843597412,0.4494583010673523,0.1645573526620865,0.0461287796497345,20,1,8,8
gpt2-large,19,ORC,h,plural,plural,ungrammatical,The chefs who the gourmets,visits,visit,visits,1,1,-6.158010482788086,-12.566950798034668,6.408940315246582,6.158010482788086,12.566950798034668,16,1.2483570575714111,0.4161190092563629,0.1479941755533218,0.0495737828314304,20,1,8,8
gpt2-large,20,ORC,a,singular,singular,grammatical,The firefighter who the ranger,keeps,keeps,keep,1,1,-9.140932083129885,-12.63825511932373,3.497323036193848,9.140932083129885,12.63825511932373,16,1.1558852195739746,0.4978126585483551,0.0946687385439872,0.0551543459296226,20,1,5,5
gpt2-large,20,ORC,b,singular,plural,grammatical,The firefighters who the ranger,keeps,keeps,keep,1,1,-8.581899642944336,-11.040788650512695,2.45888900756836,8.581899642944336,11.040788650512695,16,1.0505330562591553,0.452439934015274,0.10015919059515,0.0566922798752784,20,1,5,5
gpt2-large,20,ORC,c,singular,singular,ungrammatical,The firefighter who the ranger,keep,keeps,keep,1,1,-9.140932083129885,-12.63825511932373,3.497323036193848,9.140932083129885,12.63825511932373,16,1.0709168910980225,0.4612188339233398,0.0962790697813034,0.048768613487482,20,1,5,5
gpt2-large,20,ORC,d,singular,plural,ungrammatical,The firefighters who the ranger,keep,keeps,keep,1,1,-8.581899642944336,-11.040788650512695,2.45888900756836,8.581899642944336,11.040788650512695,16,1.025994062423706,0.4418715834617615,0.0976891443133354,0.0529566928744316,20,1,5,5
gpt2-large,20,ORC,e,plural,singular,grammatical,The firefighter who the rangers,keep,keep,keeps,1,1,-8.385071754455566,-13.634626388549805,5.249554634094238,8.385071754455566,13.634626388549805,16,1.197930097579956,0.4634226262569427,0.0928247794508934,0.0500918924808502,20,1,6,6
gpt2-large,20,ORC,f,plural,plural,grammatical,The firefighters who the rangers,keep,keep,keeps,1,1,-6.673460483551025,-12.762324333190918,6.088863849639893,6.673460483551025,12.762324333190918,16,1.1459146738052368,0.4433003067970276,0.0900988280773162,0.055059265345335,20,1,6,6
gpt2-large,20,ORC,g,plural,singular,ungrammatical,The firefighter who the rangers,keeps,keep,keeps,1,1,-8.385071754455566,-13.634626388549805,5.249554634094238,8.385071754455566,13.634626388549805,16,1.2333362102508545,0.477119505405426,0.087672621011734,0.0548033416271209,20,1,6,6
gpt2-large,20,ORC,h,plural,plural,ungrammatical,The firefighters who the rangers,keeps,keep,keeps,1,1,-6.673460483551025,-12.762324333190918,6.088863849639893,6.673460483551025,12.762324333190918,16,1.1650418043136597,0.4506996273994446,0.1036039739847183,0.0592896714806556,20,1,6,6
gpt2-large,21,ORC,a,singular,singular,grammatical,The overseer who the worker,distrusts,distrusts,distrust,2,1,-9.80408415198326,-9.763602256774902,-0.0404818952083587,9.80408415198326,9.763602256774902,16,1.183038592338562,0.4576617777347564,0.1473936736583709,0.0417342856526374,20,2,6,6
gpt2-large,21,ORC,b,singular,plural,grammatical,The overseers who the worker,distrusts,distrusts,distrust,2,1,-10.290595941245556,-10.191553115844728,-0.0990428254008293,10.290595941245556,10.191553115844728,16,1.2244834899902344,0.4736948907375335,0.1505275964736938,0.0506736449897289,20,2,6,6
gpt2-large,21,ORC,c,singular,singular,ungrammatical,The overseer who the worker,distrust,distrusts,distrust,2,1,-9.80408415198326,-9.763602256774902,-0.0404818952083587,9.80408415198326,9.763602256774902,16,1.1830384731292725,0.4576617181301117,0.1473936587572097,0.0417342670261859,20,1,6,6
gpt2-large,21,ORC,d,singular,plural,ungrammatical,The overseers who the worker,distrust,distrusts,distrust,2,1,-10.290595941245556,-10.191553115844728,-0.0990428254008293,10.290595941245556,10.191553115844728,16,1.224483847618103,0.4736949801445007,0.1505276262760162,0.0506736859679222,20,1,6,6
gpt2-large,21,ORC,e,plural,singular,grammatical,The overseer who the workers,distrust,distrust,distrusts,1,2,-8.38511848449707,-12.868436813354492,4.483318328857422,8.38511848449707,12.868436813354492,16,1.278494954109192,0.4945893287658691,0.1502188742160797,0.0554678961634635,20,1,6,6
gpt2-large,21,ORC,f,plural,plural,grammatical,The overseers who the workers,distrust,distrust,distrusts,1,2,-8.334383964538574,-15.402019023895264,7.0676350593566895,8.334383964538574,15.402019023895264,16,1.2940351963043213,0.5006011724472046,0.1430803090333938,0.0631277412176132,20,1,6,6
gpt2-large,21,ORC,g,plural,singular,ungrammatical,The overseer who the workers,distrusts,distrust,distrusts,1,2,-8.38511848449707,-12.868436813354492,4.483318328857422,8.38511848449707,12.868436813354492,16,1.278494954109192,0.4945893287658691,0.1502188891172409,0.0554679110646247,20,2,6,6
gpt2-large,21,ORC,h,plural,plural,ungrammatical,The overseers who the workers,distrusts,distrust,distrusts,1,2,-8.334383964538574,-15.402019023895264,7.0676350593566895,8.334383964538574,15.402019023895264,16,1.2940351963043213,0.5006011128425598,0.1430803388357162,0.063127726316452,20,2,6,6
gpt2-large,22,ORC,a,singular,singular,grammatical,The heiress who the bachelor,pursues,pursues,pursue,2,1,-7.354044266045093,-11.506502151489258,4.152457885444164,7.354044266045093,11.506502151489258,16,1.0440514087677002,0.3718985915184021,0.1618614196777343,0.042600929737091,20,2,7,7
gpt2-large,22,ORC,b,singular,plural,grammatical,The heiresses who the bachelor,pursues,pursues,pursue,2,1,-7.155332872644067,-9.45492458343506,2.299591710790992,7.155332872644067,9.45492458343506,16,1.0297068357467651,0.3667889833450317,0.1619340032339096,0.0456768721342086,20,2,7,7
gpt2-large,22,ORC,c,singular,singular,ungrammatical,The heiress who the bachelor,pursue,pursues,pursue,2,1,-7.354044266045093,-11.506502151489258,4.152457885444164,7.354044266045093,11.506502151489258,16,1.292541742324829,0.4604125916957855,0.1518430411815643,0.0637981593608856,20,1,7,7
gpt2-large,22,ORC,d,singular,plural,ungrammatical,The heiresses who the bachelor,pursue,pursues,pursue,2,1,-7.155332872644067,-9.45492458343506,2.299591710790992,7.155332872644067,9.45492458343506,16,1.2873060703277588,0.4585476517677307,0.1518397629261016,0.0696959644556045,20,1,7,7
gpt2-large,22,ORC,e,plural,singular,grammatical,The heiress who the bachelors,pursue,pursue,pursues,1,2,-7.12654972076416,-10.479142755270004,3.352593034505844,7.12654972076416,10.479142755270004,16,1.550666570663452,0.4891808927059173,0.1620486974716186,0.0670634359121322,20,1,9,9
gpt2-large,22,ORC,f,plural,plural,grammatical,The heiresses who the bachelors,pursue,pursue,pursues,1,2,-5.887491226196289,-10.557531416416168,4.670040190219879,5.887491226196289,10.557531416416168,16,1.5189568996429443,0.4791775643825531,0.1498533636331558,0.0698492005467414,20,1,9,9
gpt2-large,22,ORC,g,plural,singular,ungrammatical,The heiress who the bachelors,pursues,pursue,pursues,1,2,-7.12654972076416,-10.479142755270004,3.352593034505844,7.12654972076416,10.479142755270004,16,1.2137267589569092,0.3828881680965423,0.157652348279953,0.0362454950809478,20,2,9,9
gpt2-large,22,ORC,h,plural,plural,ungrammatical,The heiresses who the bachelors,pursues,pursue,pursues,1,2,-5.887491226196289,-10.557531416416168,4.670040190219879,5.887491226196289,10.557531416416168,16,1.2101733684539795,0.381767213344574,0.1442524492740631,0.0408861115574836,20,2,9,9
gpt2-large,23,ORC,a,singular,singular,grammatical,The actor who the producer,considers,considers,consider,1,1,-7.02245044708252,-10.515134811401367,3.492684364318848,7.02245044708252,10.515134811401367,16,1.135740041732788,0.4891366362571716,0.1274059265851974,0.0577191039919853,20,1,5,5
gpt2-large,23,ORC,b,singular,plural,grammatical,The actors who the producer,considers,considers,consider,1,1,-6.681077003479004,-9.817547798156738,3.1364707946777344,6.681077003479004,9.817547798156738,16,0.988530933856964,0.4257370829582214,0.1220345646142959,0.0748255178332328,20,1,5,5
gpt2-large,23,ORC,c,singular,singular,ungrammatical,The actor who the producer,consider,considers,consider,1,1,-7.02245044708252,-10.515134811401367,3.492684364318848,7.02245044708252,10.515134811401367,16,1.0987998247146606,0.4732274115085602,0.1276251226663589,0.052586268633604,20,1,5,5
gpt2-large,23,ORC,d,singular,plural,ungrammatical,The actors who the producer,consider,considers,consider,1,1,-6.681077003479004,-9.817547798156738,3.1364707946777344,6.681077003479004,9.817547798156738,16,1.052201747894287,0.4531586766242981,0.1213209629058837,0.0763048902153968,20,1,5,5
gpt2-large,23,ORC,e,plural,singular,grammatical,The actor who the producers,consider,consider,considers,1,1,-5.598615646362305,-11.369038581848145,5.77042293548584,5.598615646362305,11.369038581848145,16,1.1054412126541138,0.4760876297950744,0.1371606886386871,0.0582474954426288,20,1,5,5
gpt2-large,23,ORC,f,plural,plural,grammatical,The actors who the producers,consider,consider,considers,1,1,-5.490018367767334,-11.731900215148926,6.241881847381592,5.490018367767334,11.731900215148926,16,1.002727746963501,0.431851327419281,0.1242338567972183,0.0758343786001205,20,1,5,5
gpt2-large,23,ORC,g,plural,singular,ungrammatical,The actor who the producers,considers,consider,considers,1,1,-5.598615646362305,-11.369038581848145,5.77042293548584,5.598615646362305,11.369038581848145,16,1.1218769550323486,0.4831660687923431,0.127775564789772,0.0603724122047424,20,1,5,5
gpt2-large,23,ORC,h,plural,plural,ungrammatical,The actors who the producers,considers,consider,considers,1,1,-5.490018367767334,-11.731900215148926,6.241881847381592,5.490018367767334,11.731900215148926,16,0.9877613186836244,0.4254056811332702,0.1209396868944168,0.0766307562589645,20,1,5,5
gpt2-large,24,ORC,a,singular,singular,grammatical,The accountant who the administrator,depends,depends,depend,1,1,-9.29932975769043,-12.657691955566406,3.358362197875977,9.29932975769043,12.657691955566406,16,1.2168694734573364,0.5240771770477295,0.143923282623291,0.0454430989921093,20,1,5,5
gpt2-large,24,ORC,b,singular,plural,grammatical,The accountants who the administrator,depends,depends,depend,1,1,-8.788797378540039,-11.489618301391602,2.7008209228515625,8.788797378540039,11.489618301391602,16,1.2260620594024658,0.4743055403232574,0.1600732803344726,0.0787452235817909,20,1,6,6
gpt2-large,24,ORC,c,singular,singular,ungrammatical,The accountant who the administrator,depend,depends,depend,1,1,-9.29932975769043,-12.657691955566406,3.358362197875977,9.29932975769043,12.657691955566406,16,1.0335981845855713,0.4451464712619781,0.1370643079280853,0.0329735614359378,20,1,5,5
gpt2-large,24,ORC,d,singular,plural,ungrammatical,The accountants who the administrator,depend,depends,depend,1,1,-8.788797378540039,-11.489618301391602,2.7008209228515625,8.788797378540039,11.489618301391602,16,1.20391583442688,0.4657382369041443,0.1390710473060608,0.0737044587731361,20,1,6,6
gpt2-large,24,ORC,e,plural,singular,grammatical,The accountant who the administrators,depend,depend,depends,1,1,-9.371582984924316,-13.570545196533203,4.198962211608887,9.371582984924316,13.570545196533203,16,1.1796934604644775,0.5080662965774536,0.1395134329795837,0.0537619516253471,20,1,5,5
gpt2-large,24,ORC,f,plural,plural,grammatical,The accountants who the administrators,depend,depend,depends,1,1,-7.78472900390625,-12.693158149719238,4.908429145812988,7.78472900390625,12.693158149719238,16,1.2356065511703491,0.4779978692531585,0.1338599175214767,0.0848540514707565,20,1,6,6
gpt2-large,24,ORC,g,plural,singular,ungrammatical,The accountant who the administrators,depends,depend,depends,1,1,-9.371582984924316,-13.570545196533203,4.198962211608887,9.371582984924316,13.570545196533203,16,1.2538721561431885,0.540013313293457,0.1424984335899353,0.054582804441452,20,1,5,5
gpt2-large,24,ORC,h,plural,plural,ungrammatical,The accountants who the administrators,depends,depend,depends,1,1,-7.78472900390625,-12.693158149719238,4.908429145812988,7.78472900390625,12.693158149719238,16,1.3237444162368774,0.512094259262085,0.1429983526468277,0.0989414304494857,20,1,6,6
gpt2-large,25,ORC,a,singular,singular,grammatical,The orphan who the nun,tutors,tutors,tutor,2,1,-8.401352643966675,-11.815157890319824,3.4138052463531494,8.401352643966675,11.815157890319824,16,0.8974227905273438,0.3864989578723907,0.1407501995563507,0.0200052522122859,20,2,5,5
gpt2-large,25,ORC,b,singular,plural,grammatical,The orphans who the nun,tutors,tutors,tutor,2,1,-8.01750561594963,-12.421590805053713,4.40408518910408,8.01750561594963,12.421590805053713,16,0.850608229637146,0.3663370907306671,0.1454894840717315,0.021000612527132,20,2,5,5
gpt2-large,25,ORC,c,singular,singular,ungrammatical,The orphan who the nun,tutor,tutors,tutor,2,1,-8.401352643966675,-11.815157890319824,3.4138052463531494,8.401352643966675,11.815157890319824,16,1.019724726676941,0.4391716122627258,0.1729513257741928,0.0210187472403049,20,1,5,5
gpt2-large,25,ORC,d,singular,plural,ungrammatical,The orphans who the nun,tutor,tutors,tutor,2,1,-8.01750561594963,-12.421590805053713,4.40408518910408,8.01750561594963,12.421590805053713,16,0.9861664772033693,0.4247187674045563,0.1638695895671844,0.031492106616497,20,1,5,5
gpt2-large,25,ORC,e,plural,singular,grammatical,The orphan who the nuns,tutor,tutor,tutors,1,2,-10.380763053894045,-12.869733333587646,2.4889702796936035,10.380763053894045,12.869733333587646,16,1.210180640220642,0.5211964845657349,0.1730991452932357,0.0291857663542032,20,1,5,5
gpt2-large,25,ORC,f,plural,plural,grammatical,The orphans who the nuns,tutor,tutor,tutors,1,2,-11.158565521240234,-12.899818897247314,1.74125337600708,11.158565521240234,12.899818897247314,16,1.2231671810150146,0.5267894864082336,0.1724359691143036,0.051773976534605,20,1,5,5
gpt2-large,25,ORC,g,plural,singular,ungrammatical,The orphan who the nuns,tutors,tutor,tutors,1,2,-10.380763053894045,-12.869733333587646,2.4889702796936035,10.380763053894045,12.869733333587646,16,0.941579043865204,0.4055160582065582,0.124685987830162,0.0188564714044332,20,2,5,5
gpt2-large,25,ORC,h,plural,plural,ungrammatical,The orphans who the nuns,tutors,tutor,tutors,1,2,-11.158565521240234,-12.899818897247314,1.74125337600708,11.158565521240234,12.899818897247314,16,0.9484522938728333,0.408476173877716,0.1286053657531738,0.025444570928812,20,2,5,5
gpt2-large,26,ORC,a,singular,singular,grammatical,The translator who the diplomat,needs,needs,need,1,1,-7.977433681488037,-10.634446144104004,2.657012462615967,7.977433681488037,10.634446144104004,16,1.2166645526885986,0.5239890217781067,0.1431028395891189,0.0636708289384841,20,1,5,5
gpt2-large,26,ORC,b,singular,plural,grammatical,The translators who the diplomat,needs,needs,need,1,1,-7.692575931549072,-9.827264785766602,2.1346888542175293,7.692575931549072,9.827264785766602,16,1.1599600315093994,0.4487338066101074,0.1403924822807312,0.0683481991291046,20,1,6,6
gpt2-large,26,ORC,c,singular,singular,ungrammatical,The translator who the diplomat,need,needs,need,1,1,-7.977433681488037,-10.634446144104004,2.657012462615967,7.977433681488037,10.634446144104004,16,0.9903768301010132,0.4265320897102356,0.1287944763898849,0.0391151644289493,20,1,5,5
gpt2-large,26,ORC,d,singular,plural,ungrammatical,The translators who the diplomat,need,needs,need,1,1,-7.692575931549072,-9.827264785766602,2.1346888542175293,7.692575931549072,9.827264785766602,16,1.048759937286377,0.4057157039642334,0.1369471549987793,0.0495768412947654,20,1,6,6
gpt2-large,26,ORC,e,plural,singular,grammatical,The translator who the diplomats,need,need,needs,1,1,-7.006704330444336,-12.34225368499756,5.335549354553223,7.006704330444336,12.34225368499756,16,1.1090497970581057,0.477641761302948,0.1441484093666076,0.0507312901318073,20,1,5,5
gpt2-large,26,ORC,f,plural,plural,grammatical,The translators who the diplomats,need,need,needs,1,1,-6.416723251342773,-12.07252311706543,5.655799865722656,6.416723251342773,12.07252311706543,16,1.1128121614456177,0.4304944574832916,0.1344320327043533,0.0560514815151691,20,1,6,6
gpt2-large,26,ORC,g,plural,singular,ungrammatical,The translator who the diplomats,needs,need,needs,1,1,-7.006704330444336,-12.34225368499756,5.335549354553223,7.006704330444336,12.34225368499756,16,1.1075102090835571,0.4769786894321441,0.1230825632810592,0.0782540217041969,20,1,5,5
gpt2-large,26,ORC,h,plural,plural,ungrammatical,The translators who the diplomats,needs,need,needs,1,1,-6.416723251342773,-12.07252311706543,5.655799865722656,6.416723251342773,12.07252311706543,16,1.070756196975708,0.4142250120639801,0.1294054687023162,0.0748896971344947,20,1,6,6
gpt2-large,27,ORC,a,singular,singular,grammatical,The dancer who the host,applauds,applauds,applaud,2,1,-8.379985252395272,-8.364259719848633,-0.0157255325466394,8.379985252395272,8.364259719848633,16,1.22292160987854,0.5266836881637573,0.1667445003986358,0.0453210547566413,20,2,5,5
gpt2-large,27,ORC,b,singular,plural,grammatical,The dancers who the host,applauds,applauds,applaud,2,1,-9.448034882545471,-8.26254653930664,-1.1854883432388306,9.448034882545471,8.26254653930664,16,1.272403120994568,0.5479941964149475,0.1782594174146652,0.0587796345353126,20,2,5,5
gpt2-large,27,ORC,c,singular,singular,ungrammatical,The dancer who the host,applaud,applauds,applaud,2,1,-8.379985252395272,-8.364259719848633,-0.0157255325466394,8.379985252395272,8.364259719848633,16,1.22292160987854,0.5266836881637573,0.1667445003986358,0.0453210547566413,20,1,5,5
gpt2-large,27,ORC,d,singular,plural,ungrammatical,The dancers who the host,applaud,applauds,applaud,2,1,-9.448034882545471,-8.26254653930664,-1.1854883432388306,9.448034882545471,8.26254653930664,16,1.272403120994568,0.5479941964149475,0.1782594174146652,0.0587796345353126,20,1,5,5
gpt2-large,27,ORC,e,plural,singular,grammatical,The dancer who the hosts,applaud,applaud,applauds,1,2,-7.697505950927734,-8.9650217294693,1.267515778541565,7.697505950927734,8.9650217294693,16,1.207905888557434,0.5202167630195618,0.1730058491230011,0.0452446155250072,20,1,5,5
gpt2-large,27,ORC,f,plural,plural,grammatical,The dancers who the hosts,applaud,applaud,applauds,1,2,-7.563940048217773,-13.846688270568848,6.282748222351074,7.563940048217773,13.846688270568848,16,1.233790159225464,0.5313645601272583,0.1765885055065155,0.0500646010041236,20,1,5,5
gpt2-large,27,ORC,g,plural,singular,ungrammatical,The dancer who the hosts,applauds,applaud,applauds,1,2,-7.697505950927734,-8.9650217294693,1.267515778541565,7.697505950927734,8.9650217294693,16,1.207905888557434,0.5202167630195618,0.1730058491230011,0.0452446155250072,20,2,5,5
gpt2-large,27,ORC,h,plural,plural,ungrammatical,The dancers who the hosts,applauds,applaud,applauds,1,2,-7.563940048217773,-13.846688270568848,6.282748222351074,7.563940048217773,13.846688270568848,16,1.233790159225464,0.5313645601272583,0.1765885055065155,0.0500646010041236,20,2,5,5
gpt2-large,28,ORC,a,singular,singular,grammatical,The supervisor who the counselor,reports,reports,report,1,1,-5.911748886108398,-8.982255935668945,3.070507049560547,5.911748886108398,8.982255935668945,16,1.1895302534103394,0.5123028755187988,0.158208429813385,0.0405069440603256,20,1,5,5
gpt2-large,28,ORC,b,singular,plural,grammatical,The supervisors who the counselor,reports,reports,report,1,1,-6.600123882293701,-9.207534790039062,2.6074109077453613,6.600123882293701,9.207534790039062,16,1.0751080513000488,0.4630239009857178,0.167111724615097,0.0394524857401847,20,1,5,5
gpt2-large,28,ORC,c,singular,singular,ungrammatical,The supervisor who the counselor,report,reports,report,1,1,-5.911748886108398,-8.982255935668945,3.070507049560547,5.911748886108398,8.982255935668945,16,1.075121521949768,0.463029682636261,0.159197449684143,0.0357051417231559,20,1,5,5
gpt2-large,28,ORC,d,singular,plural,ungrammatical,The supervisors who the counselor,report,reports,report,1,1,-6.600123882293701,-9.207534790039062,2.6074109077453613,6.600123882293701,9.207534790039062,16,1.0209550857543943,0.4397014081478119,0.1385467946529388,0.0384809747338295,20,1,5,5
gpt2-large,28,ORC,e,plural,singular,grammatical,The supervisor who the counselors,report,report,reports,1,1,-5.5748291015625,-10.072935104370115,4.498106002807617,5.5748291015625,10.072935104370115,16,1.142229080200195,0.491931289434433,0.1439659148454666,0.039168395102024,20,1,5,5
gpt2-large,28,ORC,f,plural,plural,grammatical,The supervisors who the counselors,report,report,reports,1,1,-5.500705718994141,-10.809896469116213,5.30919075012207,5.500705718994141,10.809896469116213,16,1.0493465662002563,0.4519290030002594,0.1335088163614273,0.0399911813437938,20,1,5,5
gpt2-large,28,ORC,g,plural,singular,ungrammatical,The supervisor who the counselors,reports,report,reports,1,1,-5.5748291015625,-10.072935104370115,4.498106002807617,5.5748291015625,10.072935104370115,16,1.1546493768692017,0.4972804188728332,0.1633935272693634,0.0382537618279457,20,1,5,5
gpt2-large,28,ORC,h,plural,plural,ungrammatical,The supervisors who the counselors,reports,report,reports,1,1,-5.500705718994141,-10.809896469116213,5.30919075012207,5.500705718994141,10.809896469116213,16,1.0629067420959473,0.4577690660953522,0.155849426984787,0.0408351048827171,20,1,5,5
gpt2-large,29,ORC,a,singular,singular,grammatical,The commentator who the viewer,trusts,trusts,trust,1,1,-5.795814514160156,-9.22094440460205,3.4251298904418945,5.795814514160156,9.22094440460205,16,1.1080191135406494,0.4771978855133056,0.1268866509199142,0.0598731525242328,20,1,5,5
gpt2-large,29,ORC,b,singular,plural,grammatical,The commentators who the viewer,trusts,trusts,trust,1,1,-5.260807514190674,-8.51800537109375,3.257197856903076,5.260807514190674,8.51800537109375,16,1.0872621536254885,0.4682583808898926,0.1219425350427627,0.0859373211860656,20,1,5,5
gpt2-large,29,ORC,c,singular,singular,ungrammatical,The commentator who the viewer,trust,trusts,trust,1,1,-5.795814514160156,-9.22094440460205,3.4251298904418945,5.795814514160156,9.22094440460205,16,1.0909451246261597,0.4698444306850433,0.1340660601854324,0.0388714857399463,20,1,5,5
gpt2-large,29,ORC,d,singular,plural,ungrammatical,The commentators who the viewer,trust,trusts,trust,1,1,-5.260807514190674,-8.51800537109375,3.257197856903076,5.260807514190674,8.51800537109375,16,1.099399209022522,0.4734854698181152,0.1163830980658531,0.0797653421759605,20,1,5,5
gpt2-large,29,ORC,e,plural,singular,grammatical,The commentator who the viewers,trust,trust,trusts,1,1,-5.862597465515137,-10.666648864746094,4.804051399230957,5.862597465515137,10.666648864746094,16,1.1577702760696411,0.4986245036125183,0.140784204006195,0.0606090053915977,20,1,5,5
gpt2-large,29,ORC,f,plural,plural,grammatical,The commentators who the viewers,trust,trust,trusts,1,1,-5.265902519226074,-10.426380157470703,5.160477638244629,5.265902519226074,10.426380157470703,16,1.1465175151824951,0.4937782287597656,0.1197208017110824,0.0892559736967086,20,1,5,5
gpt2-large,29,ORC,g,plural,singular,ungrammatical,The commentator who the viewers,trusts,trust,trusts,1,1,-5.862597465515137,-10.666648864746094,4.804051399230957,5.862597465515137,10.666648864746094,16,1.1306489706039429,0.4869440197944641,0.140343427658081,0.064443252980709,20,1,5,5
gpt2-large,29,ORC,h,plural,plural,ungrammatical,The commentators who the viewers,trusts,trust,trusts,1,1,-5.265902519226074,-10.426380157470703,5.160477638244629,5.265902519226074,10.426380157470703,16,1.0941877365112305,0.4712410569190979,0.1336640566587448,0.0885910242795944,20,1,5,5
gpt2-large,30,ORC,a,singular,singular,grammatical,The journalist who the editor,appreciates,appreciates,appreciate,2,1,-11.25969797745347,-14.959189414978027,3.699491437524557,11.25969797745347,14.959189414978027,16,0.944674015045166,0.4068489670753479,0.1246666759252548,0.0403461940586566,20,2,5,5
gpt2-large,30,ORC,b,singular,plural,grammatical,The journalists who the editor,appreciates,appreciates,appreciate,2,1,-11.158490197733045,-14.606256484985352,3.447766287252307,11.158490197733045,14.606256484985352,16,0.8963434100151062,0.3860341310501098,0.1248779743909835,0.0423529632389545,20,2,5,5
gpt2-large,30,ORC,c,singular,singular,ungrammatical,The journalist who the editor,appreciate,appreciates,appreciate,2,1,-11.25969797745347,-14.959189414978027,3.699491437524557,11.25969797745347,14.959189414978027,16,1.0899755954742432,0.4694269299507141,0.13212551176548,0.064774066209793,20,1,5,5
gpt2-large,30,ORC,d,singular,plural,ungrammatical,The journalists who the editor,appreciate,appreciates,appreciate,2,1,-11.158490197733045,-14.606256484985352,3.447766287252307,11.158490197733045,14.606256484985352,16,1.0491195917129517,0.451831191778183,0.1242576390504837,0.0697466433048248,20,1,5,5
gpt2-large,30,ORC,e,plural,singular,grammatical,The journalist who the editors,appreciate,appreciate,appreciates,1,2,-11.3095064163208,-15.220137119293211,3.910630702972412,11.3095064163208,15.220137119293211,16,1.1577918529510498,0.498633861541748,0.14417265355587,0.0691769793629646,20,1,5,5
gpt2-large,30,ORC,f,plural,plural,grammatical,The journalists who the editors,appreciate,appreciate,appreciates,1,2,-10.042508125305176,-14.690760314464567,4.648252189159393,10.042508125305176,14.690760314464567,16,1.073594570159912,0.4623719751834869,0.1288892775774002,0.0716979280114173,20,1,5,5
gpt2-large,30,ORC,g,plural,singular,ungrammatical,The journalist who the editors,appreciates,appreciate,appreciates,1,2,-11.3095064163208,-15.220137119293211,3.910630702972412,11.3095064163208,15.220137119293211,16,0.9154489636421204,0.3942623734474182,0.1521756052970886,0.0355150923132896,20,2,5,5
gpt2-large,30,ORC,h,plural,plural,ungrammatical,The journalists who the editors,appreciates,appreciate,appreciates,1,2,-10.042508125305176,-14.690760314464567,4.648252189159393,10.042508125305176,14.690760314464567,16,0.8974475860595703,0.3865095973014831,0.1262188851833343,0.041618563234806,20,2,5,5
gpt2-large,31,ORC,a,singular,singular,grammatical,The customer who the waitress,hates,hates,hate,1,1,-9.23133659362793,-10.805034637451172,1.5736980438232422,9.23133659362793,10.805034637451172,16,1.3505070209503174,0.5816316604614258,0.1288499981164932,0.0756475180387497,20,1,5,5
gpt2-large,31,ORC,b,singular,plural,grammatical,The customers who the waitress,hates,hates,hate,1,1,-9.141841888427734,-10.799992561340332,1.6581506729125977,9.141841888427734,10.799992561340332,16,1.3102797269821167,0.5643068552017212,0.131125658750534,0.1002865806221962,20,1,5,5
gpt2-large,31,ORC,c,singular,singular,ungrammatical,The customer who the waitress,hate,hates,hate,1,1,-9.23133659362793,-10.805034637451172,1.5736980438232422,9.23133659362793,10.805034637451172,16,1.2622005939483645,0.5436002016067505,0.1164082512259483,0.0557967498898506,20,1,5,5
gpt2-large,31,ORC,d,singular,plural,ungrammatical,The customers who the waitress,hate,hates,hate,1,1,-9.141841888427734,-10.799992561340332,1.6581506729125977,9.141841888427734,10.799992561340332,16,1.2690813541412354,0.5465636253356934,0.1040984764695167,0.099467433989048,20,1,5,5
gpt2-large,31,ORC,e,plural,singular,grammatical,The customer who the waitresses,hate,hate,hates,1,1,-6.336381912231445,-11.175968170166016,4.83958625793457,6.336381912231445,11.175968170166016,16,1.4350366592407229,0.5551478266716003,0.1704411208629608,0.059927649796009,20,1,6,6
gpt2-large,31,ORC,f,plural,plural,grammatical,The customers who the waitresses,hate,hate,hates,1,1,-6.755101203918457,-12.461478233337402,5.706377029418945,6.755101203918457,12.461478233337402,16,1.4270299673080444,0.5520505905151367,0.1652577817440033,0.0920436233282089,20,1,6,6
gpt2-large,31,ORC,g,plural,singular,ungrammatical,The customer who the waitresses,hates,hate,hates,1,1,-6.336381912231445,-11.175968170166016,4.83958625793457,6.336381912231445,11.175968170166016,16,1.4782882928848269,0.5718799829483032,0.1855171620845794,0.0668728500604629,20,1,6,6
gpt2-large,31,ORC,h,plural,plural,ungrammatical,The customers who the waitresses,hates,hate,hates,1,1,-6.755101203918457,-12.461478233337402,5.706377029418945,6.755101203918457,12.461478233337402,16,1.469526290893555,0.5684903264045715,0.196956917643547,0.0880298167467117,20,1,6,6
gpt2-large,32,ORC,a,singular,singular,grammatical,The therapist who the survivor,meets,meets,meet,1,1,-4.959964752197266,-9.409138679504396,4.449173927307129,4.959964752197266,9.409138679504396,16,1.203481912612915,0.5183114409446716,0.1413366496562957,0.0630117729306221,20,1,5,5
gpt2-large,32,ORC,b,singular,plural,grammatical,The therapists who the survivor,meets,meets,meet,1,1,-5.611883163452148,-8.71047592163086,3.098592758178711,5.611883163452148,8.71047592163086,16,1.0954906940460205,0.471802145242691,0.1361428946256637,0.0640507191419601,20,1,5,5
gpt2-large,32,ORC,c,singular,singular,ungrammatical,The therapist who the survivor,meet,meets,meet,1,1,-4.959964752197266,-9.409138679504396,4.449173927307129,4.959964752197266,9.409138679504396,16,1.244126796722412,0.5358162522315979,0.1347528994083404,0.0561320595443248,20,1,5,5
gpt2-large,32,ORC,d,singular,plural,ungrammatical,The therapists who the survivor,meet,meets,meet,1,1,-5.611883163452148,-8.71047592163086,3.098592758178711,5.611883163452148,8.71047592163086,16,1.1445248126983645,0.4929200112819671,0.1327085196971893,0.0668797418475151,20,1,5,5
gpt2-large,32,ORC,e,plural,singular,grammatical,The therapist who the survivors,meet,meet,meets,1,1,-6.200107097625732,-11.958022117614746,5.757915019989014,6.200107097625732,11.958022117614746,16,1.2572811841964722,0.5414815545082092,0.1641937643289566,0.0678376778960228,20,1,5,5
gpt2-large,32,ORC,f,plural,plural,grammatical,The therapists who the survivors,meet,meet,meets,1,1,-6.33268404006958,-12.902013778686523,6.569329738616943,6.33268404006958,12.902013778686523,16,1.1575771570205688,0.4985414147377014,0.1404862850904464,0.0705270692706108,20,1,5,5
gpt2-large,32,ORC,g,plural,singular,ungrammatical,The therapist who the survivors,meets,meet,meets,1,1,-6.200107097625732,-11.958022117614746,5.757915019989014,6.200107097625732,11.958022117614746,16,1.1950414180755615,0.5146762728691101,0.1688958555459976,0.0656428337097168,20,1,5,5
gpt2-large,32,ORC,h,plural,plural,ungrammatical,The therapists who the survivors,meets,meet,meets,1,1,-6.33268404006958,-12.902013778686523,6.569329738616943,6.33268404006958,12.902013778686523,16,1.1070605516433716,0.4767850339412689,0.1676402390003204,0.0652417093515396,20,1,5,5
gpt2-large,33,ORC,a,singular,singular,grammatical,The cheerleader who the choreographer,works,works,work,1,1,-6.599167346954346,-10.40776252746582,3.8085951805114746,6.599167346954346,10.40776252746582,16,1.1830815076828003,0.4214221537113189,0.1247127875685691,0.0474167540669441,20,1,7,7
gpt2-large,33,ORC,b,singular,plural,grammatical,The cheerleaders who the choreographer,works,works,work,1,1,-5.780669212341309,-9.52037525177002,3.739706039428711,5.780669212341309,9.52037525177002,16,1.0845158100128174,0.386312335729599,0.1336228549480438,0.0433731786906719,20,1,7,7
gpt2-large,33,ORC,c,singular,singular,ungrammatical,The cheerleader who the choreographer,work,works,work,1,1,-6.599167346954346,-10.40776252746582,3.8085951805114746,6.599167346954346,10.40776252746582,16,1.1928287744522097,0.4248941838741302,0.1381249576807022,0.0419549159705638,20,1,7,7
gpt2-large,33,ORC,d,singular,plural,ungrammatical,The cheerleaders who the choreographer,work,works,work,1,1,-5.780669212341309,-9.52037525177002,3.739706039428711,5.780669212341309,9.52037525177002,16,1.151670217514038,0.410233199596405,0.1240505576133728,0.0474258251488208,20,1,7,7
gpt2-large,33,ORC,e,plural,singular,grammatical,The cheerleader who the choreographers,work,work,works,1,1,-6.925091743469238,-11.427355766296388,4.502264022827148,6.925091743469238,11.427355766296388,16,1.1574151515960691,0.4122795462608337,0.1225427612662315,0.0456085726618766,20,1,7,7
gpt2-large,33,ORC,f,plural,plural,grammatical,The cheerleaders who the choreographers,work,work,works,1,1,-5.1629838943481445,-10.76738452911377,5.604400634765625,5.1629838943481445,10.76738452911377,16,1.1428241729736328,0.4070821702480316,0.1191204413771629,0.0464297458529472,20,1,7,7
gpt2-large,33,ORC,g,plural,singular,ungrammatical,The cheerleader who the choreographers,works,work,works,1,1,-6.925091743469238,-11.427355766296388,4.502264022827148,6.925091743469238,11.427355766296388,16,1.096261978149414,0.3904964029788971,0.1336272805929184,0.0404985025525093,20,1,7,7
gpt2-large,33,ORC,h,plural,plural,ungrammatical,The cheerleaders who the choreographers,works,work,works,1,1,-5.1629838943481445,-10.76738452911377,5.604400634765625,5.1629838943481445,10.76738452911377,16,1.0608347654342651,0.3778769373893738,0.1470369398593902,0.0458721593022346,20,1,7,7
gpt2-large,34,ORC,a,singular,singular,grammatical,The cowboy who the rancher,knows,knows,know,1,1,-5.806594371795654,-8.654596328735352,2.8480019569396973,5.806594371795654,8.654596328735352,16,1.2936073541641235,0.5004356503486633,0.1093835607171058,0.0389556773006916,20,1,6,6
gpt2-large,34,ORC,b,singular,plural,grammatical,The cowboys who the rancher,knows,knows,know,1,1,-6.776126384735107,-8.938541412353516,2.162415027618408,6.776126384735107,8.938541412353516,16,1.2976882457733154,0.4622459411621094,0.1178553700447082,0.071910873055458,20,1,7,7
gpt2-large,34,ORC,c,singular,singular,ungrammatical,The cowboy who the rancher,know,knows,know,1,1,-5.806594371795654,-8.654596328735352,2.8480019569396973,5.806594371795654,8.654596328735352,16,1.100306749343872,0.4256567358970642,0.0982998460531234,0.0313962511718273,20,1,6,6
gpt2-large,34,ORC,d,singular,plural,ungrammatical,The cowboys who the rancher,know,knows,know,1,1,-6.776126384735107,-8.938541412353516,2.162415027618408,6.776126384735107,8.938541412353516,16,1.277273416519165,0.4549739360809326,0.1051524430513382,0.0678918585181236,20,1,7,7
gpt2-large,34,ORC,e,plural,singular,grammatical,The cowboy who the ranchers,know,know,knows,1,1,-4.738618850708008,-10.333786010742188,5.59516716003418,4.738618850708008,10.333786010742188,16,1.1989399194717407,0.4638132154941559,0.0887030288577079,0.0343685075640678,20,1,6,6
gpt2-large,34,ORC,f,plural,plural,grammatical,The cowboys who the ranchers,know,know,knows,1,1,-5.172051429748535,-11.262032508850098,6.0899810791015625,5.172051429748535,11.262032508850098,16,1.2397449016571045,0.4416060447692871,0.0941564664244651,0.0602714233100414,20,1,7,7
gpt2-large,34,ORC,g,plural,singular,ungrammatical,The cowboy who the ranchers,knows,know,knows,1,1,-4.738618850708008,-10.333786010742188,5.59516716003418,4.738618850708008,10.333786010742188,16,1.23464834690094,0.4776271283626556,0.1018873304128646,0.0352121107280254,20,1,6,6
gpt2-large,34,ORC,h,plural,plural,ungrammatical,The cowboys who the ranchers,knows,know,knows,1,1,-5.172051429748535,-11.262032508850098,6.0899810791015625,5.172051429748535,11.262032508850098,16,1.297640085220337,0.4622287154197693,0.112858697772026,0.0641078725457191,20,1,7,7
gpt2-large,35,ORC,a,singular,singular,grammatical,The surgeon who the nurse,prefers,prefers,prefer,1,1,-9.018513679504396,-12.37076473236084,3.3522510528564453,9.018513679504396,12.37076473236084,16,1.2263262271881104,0.5281500220298767,0.1359864026308059,0.0433021523058414,20,1,5,5
gpt2-large,35,ORC,b,singular,plural,grammatical,The surgeons who the nurse,prefers,prefers,prefer,1,1,-8.900799751281738,-12.452935218811035,3.552135467529297,8.900799751281738,12.452935218811035,16,1.1376467943191528,0.4899578094482422,0.130516842007637,0.0575013756752014,20,1,5,5
gpt2-large,35,ORC,c,singular,singular,ungrammatical,The surgeon who the nurse,prefer,prefers,prefer,1,1,-9.018513679504396,-12.37076473236084,3.3522510528564453,9.018513679504396,12.37076473236084,16,1.152713656425476,0.4964467585086822,0.128619760274887,0.0348038487136364,20,1,5,5
gpt2-large,35,ORC,d,singular,plural,ungrammatical,The surgeons who the nurse,prefer,prefers,prefer,1,1,-8.900799751281738,-12.452935218811035,3.552135467529297,8.900799751281738,12.452935218811035,16,1.1367555856704712,0.4895740449428558,0.1251861006021499,0.054124217480421,20,1,5,5
gpt2-large,35,ORC,e,plural,singular,grammatical,The surgeon who the nurses,prefer,prefer,prefers,1,1,-8.22910213470459,-12.833831787109377,4.604729652404785,8.22910213470459,12.833831787109377,16,1.2204450368881226,0.5256170630455017,0.1347392797470092,0.0475961677730083,20,1,5,5
gpt2-large,35,ORC,f,plural,plural,grammatical,The surgeons who the nurses,prefer,prefer,prefers,1,1,-7.48854923248291,-12.631019592285156,5.142470359802246,7.48854923248291,12.631019592285156,16,1.1259220838546753,0.4849082827568054,0.1158928275108337,0.0588794536888599,20,1,5,5
gpt2-large,35,ORC,g,plural,singular,ungrammatical,The surgeon who the nurses,prefers,prefer,prefers,1,1,-8.22910213470459,-12.833831787109377,4.604729652404785,8.22910213470459,12.833831787109377,16,1.2249677181243896,0.5275648832321167,0.1375971883535385,0.0464924499392509,20,1,5,5
gpt2-large,35,ORC,h,plural,plural,ungrammatical,The surgeons who the nurses,prefers,prefer,prefers,1,1,-7.48854923248291,-12.631019592285156,5.142470359802246,7.48854923248291,12.631019592285156,16,1.1040949821472168,0.4755078256130218,0.1274410486221313,0.0545149073004722,20,1,5,5
gpt2-large,36,ORC,a,singular,singular,grammatical,The bartender who the patron,gossips,gossips,gossip,3,1,-13.383783800527452,-11.85769748687744,-1.526086313650012,13.383783800527452,11.85769748687744,16,0.880215048789978,0.3790879845619201,0.1015611067414283,0.0279483888298273,20,3,5,5
gpt2-large,36,ORC,b,singular,plural,grammatical,The bartenders who the patron,gossips,gossips,gossip,3,1,-12.711487663444132,-10.259011268615724,-2.452476394828409,12.711487663444132,10.259011268615724,16,0.878796398639679,0.3399648368358612,0.1102223396301269,0.0313217565417289,20,3,6,6
gpt2-large,36,ORC,c,singular,singular,ungrammatical,The bartender who the patron,gossip,gossips,gossip,3,1,-13.383783800527452,-11.85769748687744,-1.526086313650012,13.383783800527452,11.85769748687744,16,1.080103635787964,0.4651753306388855,0.1321236193180084,0.0301746763288974,20,1,5,5
gpt2-large,36,ORC,d,singular,plural,ungrammatical,The bartenders who the patron,gossip,gossips,gossip,3,1,-12.711487663444132,-10.259011268615724,-2.452476394828409,12.711487663444132,10.259011268615724,16,1.1209464073181152,0.433641254901886,0.1296167969703674,0.0386086851358413,20,1,6,6
gpt2-large,36,ORC,e,plural,singular,grammatical,The bartender who the patrons,gossip,gossip,gossips,1,3,-9.009143829345703,-14.941388607025146,5.932244777679443,9.009143829345703,14.941388607025146,16,1.1371009349822998,0.4897226393222809,0.1535621136426925,0.0328300222754478,20,1,5,5
gpt2-large,36,ORC,f,plural,plural,grammatical,The bartenders who the patrons,gossip,gossip,gossips,1,3,-8.137044906616211,-15.09841251373291,6.961367607116699,8.137044906616211,15.09841251373291,16,1.1610658168792725,0.4491615295410156,0.13809734582901,0.0356933996081352,20,1,6,6
gpt2-large,36,ORC,g,plural,singular,ungrammatical,The bartender who the patrons,gossips,gossip,gossips,1,3,-9.009143829345703,-14.941388607025146,5.932244777679443,9.009143829345703,14.941388607025146,16,0.8570398092269897,0.3691069483757019,0.118978813290596,0.0257370173931121,20,3,5,5
gpt2-large,36,ORC,h,plural,plural,ungrammatical,The bartenders who the patrons,gossips,gossip,gossips,1,3,-8.137044906616211,-15.09841251373291,6.961367607116699,8.137044906616211,15.09841251373291,16,0.8949297070503235,0.3462060093879699,0.1105227917432785,0.0294991042464971,20,3,6,6
gpt2-large,37,ORC,a,singular,singular,grammatical,The columnist who the reader,complains,complains,complain,1,1,-7.122957229614258,-12.019434928894045,4.896477699279785,7.122957229614258,12.019434928894045,16,1.3336875438690186,0.5743879079818726,0.1761412173509597,0.049980878829956,20,1,5,5
gpt2-large,37,ORC,b,singular,plural,grammatical,The columnists who the reader,complains,complains,complain,1,1,-7.889596939086914,-12.432757377624512,4.543160438537598,7.889596939086914,12.432757377624512,16,1.2957674264907837,0.5012712478637695,0.1590109169483184,0.0868061780929565,20,1,6,6
gpt2-large,37,ORC,c,singular,singular,ungrammatical,The columnist who the reader,complain,complains,complain,1,1,-7.122957229614258,-12.019434928894045,4.896477699279785,7.122957229614258,12.019434928894045,16,1.2133686542510986,0.5225695371627808,0.1582112908363342,0.0410535521805286,20,1,5,5
gpt2-large,37,ORC,d,singular,plural,ungrammatical,The columnists who the reader,complain,complains,complain,1,1,-7.889596939086914,-12.432757377624512,4.543160438537598,7.889596939086914,12.432757377624512,16,1.263811469078064,0.4889090061187744,0.139538824558258,0.0792391449213028,20,1,6,6
gpt2-large,37,ORC,e,plural,singular,grammatical,The columnist who the readers,complain,complain,complains,1,1,-7.523579120635986,-12.070294380187988,4.546715259552002,7.523579120635986,12.070294380187988,16,1.1958990097045898,0.515045702457428,0.1643193066120147,0.043919064104557,20,1,5,5
gpt2-large,37,ORC,f,plural,plural,grammatical,The columnists who the readers,complain,complain,complains,1,1,-6.509460926055908,-11.96142578125,5.451964855194092,6.509460926055908,11.96142578125,16,1.245018720626831,0.4816389679908752,0.136911928653717,0.080570288002491,20,1,6,6
gpt2-large,37,ORC,g,plural,singular,ungrammatical,The columnist who the readers,complains,complain,complains,1,1,-7.523579120635986,-12.070294380187988,4.546715259552002,7.523579120635986,12.070294380187988,16,1.2905819416046145,0.5558234453201294,0.206287145614624,0.0551096014678478,20,1,5,5
gpt2-large,37,ORC,h,plural,plural,ungrammatical,The columnists who the readers,complains,complain,complains,1,1,-6.509460926055908,-11.96142578125,5.451964855194092,6.509460926055908,11.96142578125,16,1.2772489786148071,0.4941073358058929,0.1742948293685913,0.0920069590210914,20,1,6,6
gpt2-large,38,ORC,a,singular,singular,grammatical,The anthropologist who the villager,respects,respects,respect,1,1,-9.16512680053711,-12.171908378601074,3.006781578063965,9.16512680053711,12.171908378601074,16,1.477948784828186,0.5264559984207153,0.1658266186714172,0.0679216682910919,20,1,7,7
gpt2-large,38,ORC,b,singular,plural,grammatical,The anthropologists who the villager,respects,respects,respect,1,1,-10.875370979309082,-11.475823402404783,0.6004524230957031,10.875370979309082,11.475823402404783,16,1.349514365196228,0.4807066917419433,0.1568497121334076,0.0738249719142913,20,1,7,7
gpt2-large,38,ORC,c,singular,singular,ungrammatical,The anthropologist who the villager,respect,respects,respect,1,1,-9.16512680053711,-12.171908378601074,3.006781578063965,9.16512680053711,12.171908378601074,16,1.32611346244812,0.4723711013793945,0.1447521299123764,0.0471527203917503,20,1,7,7
gpt2-large,38,ORC,d,singular,plural,ungrammatical,The anthropologists who the villager,respect,respects,respect,1,1,-10.875370979309082,-11.475823402404783,0.6004524230957031,10.875370979309082,11.475823402404783,16,1.4063379764556885,0.5009477138519287,0.1648944616317749,0.0704451352357864,20,1,7,7
gpt2-large,38,ORC,e,plural,singular,grammatical,The anthropologist who the villagers,respect,respect,respects,1,1,-8.335331916809082,-14.440767288208008,6.105435371398926,8.335331916809082,14.440767288208008,16,1.4155242443084717,0.5475994944572449,0.1718583405017852,0.0738542824983596,20,1,6,6
gpt2-large,38,ORC,f,plural,plural,grammatical,The anthropologists who the villagers,respect,respect,respects,1,1,-7.93951416015625,-14.063013076782228,6.123498916625977,7.93951416015625,14.063013076782228,16,1.3777287006378174,0.5329781174659729,0.1692176014184951,0.0813134759664535,20,1,6,6
gpt2-large,38,ORC,g,plural,singular,ungrammatical,The anthropologist who the villagers,respects,respect,respects,1,1,-8.335331916809082,-14.440767288208008,6.105435371398926,8.335331916809082,14.440767288208008,16,1.3731756210327148,0.5312168002128601,0.1821067035198211,0.0724383294582367,20,1,6,6
gpt2-large,38,ORC,h,plural,plural,ungrammatical,The anthropologists who the villagers,respects,respect,respects,1,1,-7.93951416015625,-14.063013076782228,6.123498916625977,7.93951416015625,14.063013076782228,16,1.2845276594161987,0.4969231486320495,0.1746159344911575,0.0794970020651817,20,1,6,6
gpt2-large,39,ORC,a,singular,singular,grammatical,The bricklayer who the contractor,assigns,assigns,assign,1,1,-10.03067684173584,-14.07963752746582,4.0489606857299805,10.03067684173584,14.07963752746582,16,1.2922927141189575,0.4999270439147949,0.1524994969367981,0.056033544242382,20,1,6,6
gpt2-large,39,ORC,b,singular,plural,grammatical,The bricklayers who the contractor,assigns,assigns,assign,1,1,-9.60849380493164,-13.574790000915527,3.966296195983887,9.60849380493164,13.574790000915527,16,1.2425686120986938,0.4426118433475494,0.152938425540924,0.0565758273005485,20,1,7,7
gpt2-large,39,ORC,c,singular,singular,ungrammatical,The bricklayer who the contractor,assign,assigns,assign,1,1,-10.03067684173584,-14.07963752746582,4.0489606857299805,10.03067684173584,14.07963752746582,16,1.2306965589523315,0.4760983884334564,0.1636291444301605,0.0444452352821826,20,1,6,6
gpt2-large,39,ORC,d,singular,plural,ungrammatical,The bricklayers who the contractor,assign,assigns,assign,1,1,-9.60849380493164,-13.574790000915527,3.966296195983887,9.60849380493164,13.574790000915527,16,1.2444337606430054,0.4432762563228607,0.1577033102512359,0.0535756163299083,20,1,7,7
gpt2-large,39,ORC,e,plural,singular,grammatical,The bricklayer who the contractors,assign,assign,assigns,1,1,-11.545487403869627,-14.41734504699707,2.8718576431274414,11.545487403869627,14.41734504699707,16,1.231306791305542,0.4763343930244446,0.1610884964466095,0.054079096764326,20,1,6,6
gpt2-large,39,ORC,f,plural,plural,grammatical,The bricklayers who the contractors,assign,assign,assigns,1,1,-10.987324714660645,-14.501131057739258,3.5138063430786133,10.987324714660645,14.501131057739258,16,1.2347103357315063,0.4398126602172851,0.1545455604791641,0.0574234351515769,20,1,7,7
gpt2-large,39,ORC,g,plural,singular,ungrammatical,The bricklayer who the contractors,assigns,assign,assigns,1,1,-11.545487403869627,-14.41734504699707,2.8718576431274414,11.545487403869627,14.41734504699707,16,1.2497103214263916,0.4834539294242859,0.1422415375709533,0.0572950839996337,20,1,6,6
gpt2-large,39,ORC,h,plural,plural,ungrammatical,The bricklayers who the contractors,assigns,assign,assigns,1,1,-10.987324714660645,-14.501131057739258,3.5138063430786133,10.987324714660645,14.501131057739258,16,1.1957417726516724,0.425931841135025,0.1434965431690216,0.0567256286740303,20,1,7,7
gpt2-large,40,ORC,a,singular,singular,grammatical,The comedian who the prisoner,finds,finds,find,1,1,-8.280256271362305,-11.58493995666504,3.3046836853027344,8.280256271362305,11.58493995666504,16,1.2973811626434326,0.5587517023086548,0.1798640489578247,0.050792921334505,20,1,5,5
gpt2-large,40,ORC,b,singular,plural,grammatical,The comedians who the prisoner,finds,finds,find,1,1,-7.024393558502197,-9.53300666809082,2.508613109588623,7.024393558502197,9.53300666809082,16,1.1081234216690063,0.4772428572177887,0.1570354253053665,0.0499047823250293,20,1,5,5
gpt2-large,40,ORC,c,singular,singular,ungrammatical,The comedian who the prisoner,find,finds,find,1,1,-8.280256271362305,-11.58493995666504,3.3046836853027344,8.280256271362305,11.58493995666504,16,1.222944974899292,0.5266937613487244,0.1637855321168899,0.0453423336148262,20,1,5,5
gpt2-large,40,ORC,d,singular,plural,ungrammatical,The comedians who the prisoner,find,finds,find,1,1,-7.024393558502197,-9.53300666809082,2.508613109588623,7.024393558502197,9.53300666809082,16,1.2226760387420654,0.5265779495239258,0.1750096380710601,0.0538853704929351,20,1,5,5
gpt2-large,40,ORC,e,plural,singular,grammatical,The comedian who the prisoners,find,find,finds,1,1,-6.605239868164063,-12.042356491088867,5.437116622924805,6.605239868164063,12.042356491088867,16,1.314463496208191,0.5661085844039917,0.1780689060688018,0.0570922121405601,20,1,5,5
gpt2-large,40,ORC,f,plural,plural,grammatical,The comedians who the prisoners,find,find,finds,1,1,-6.125734329223633,-12.406994819641112,6.2812604904174805,6.125734329223633,12.406994819641112,16,1.199664831161499,0.5166675448417664,0.1730934679508209,0.0526616089046001,20,1,5,5
gpt2-large,40,ORC,g,plural,singular,ungrammatical,The comedian who the prisoners,finds,find,finds,1,1,-6.605239868164063,-12.042356491088867,5.437116622924805,6.605239868164063,12.042356491088867,16,1.273028016090393,0.5482633709907532,0.1802853643894195,0.0637189894914627,20,1,5,5
gpt2-large,40,ORC,h,plural,plural,ungrammatical,The comedians who the prisoners,finds,find,finds,1,1,-6.125734329223633,-12.406994819641112,6.2812604904174805,6.125734329223633,12.406994819641112,16,1.0882080793380735,0.46866574883461,0.1624461710453033,0.0508467145264148,20,1,5,5
gpt2-large,41,ORC,a,singular,singular,grammatical,The judge who the criminal,fears,fears,fear,1,1,-10.355605125427246,-11.189153671264648,0.8335485458374023,10.355605125427246,11.189153671264648,16,1.084954857826233,0.4672645628452301,0.1307369619607925,0.0517646558582782,20,1,5,5
gpt2-large,41,ORC,b,singular,plural,grammatical,The judges who the criminal,fears,fears,fear,1,1,-11.513131141662598,-11.369559288024902,-0.1435718536376953,11.513131141662598,11.369559288024902,16,1.0051372051239014,0.4328890442848205,0.1371674835681915,0.0553315579891204,20,1,5,5
gpt2-large,41,ORC,c,singular,singular,ungrammatical,The judge who the criminal,fear,fears,fear,1,1,-10.355605125427246,-11.189153671264648,0.8335485458374023,10.355605125427246,11.189153671264648,16,0.9733532667160034,0.4192004799842834,0.150269865989685,0.0350171327590942,20,1,5,5
gpt2-large,41,ORC,d,singular,plural,ungrammatical,The judges who the criminal,fear,fears,fear,1,1,-11.513131141662598,-11.369559288024902,-0.1435718536376953,11.513131141662598,11.369559288024902,16,1.0046085119247437,0.4326613545417785,0.1266111731529235,0.0565522834658622,20,1,5,5
gpt2-large,41,ORC,e,plural,singular,grammatical,The judge who the criminals,fear,fear,fears,1,1,-7.998620986938477,-11.7166109085083,3.717989921569824,7.998620986938477,11.7166109085083,16,1.1797430515289309,0.5080876350402832,0.1656004041433334,0.0569039806723594,20,1,5,5
gpt2-large,41,ORC,f,plural,plural,grammatical,The judges who the criminals,fear,fear,fears,1,1,-6.539423942565918,-11.686656951904297,5.147233009338379,6.539423942565918,11.686656951904297,16,1.092643976211548,0.4705761075019836,0.1589013040065765,0.0570890009403228,20,1,5,5
gpt2-large,41,ORC,g,plural,singular,ungrammatical,The judge who the criminals,fears,fear,fears,1,1,-7.998620986938477,-11.7166109085083,3.717989921569824,7.998620986938477,11.7166109085083,16,1.1436516046524048,0.4925439357757568,0.1635205447673797,0.0559113137423992,20,1,5,5
gpt2-large,41,ORC,h,plural,plural,ungrammatical,The judges who the criminals,fears,fear,fears,1,1,-6.539423942565918,-11.686656951904297,5.147233009338379,6.539423942565918,11.686656951904297,16,1.0471858978271484,0.4509983956813812,0.1637617796659469,0.0603497102856636,20,1,5,5
gpt2-large,42,ORC,a,singular,singular,grammatical,The student who the bully,teases,teases,tease,2,1,-11.537542402744291,-13.835613250732422,2.2980708479881287,11.537542402744291,13.835613250732422,16,0.9030923843383788,0.3889407217502594,0.1571187674999237,0.0213223975151777,20,2,5,5
gpt2-large,42,ORC,b,singular,plural,grammatical,The students who the bully,teases,teases,tease,2,1,-11.296542346477509,-12.961529731750488,1.6649873852729795,11.296542346477509,12.961529731750488,16,0.8688256144523621,0.3741828501224518,0.1721667945384979,0.0258645862340927,20,2,5,5
gpt2-large,42,ORC,c,singular,singular,ungrammatical,The student who the bully,tease,teases,tease,2,1,-11.537542402744291,-13.835613250732422,2.2980708479881287,11.537542402744291,13.835613250732422,16,1.2096000909805298,0.5209464430809021,0.199673444032669,0.0360619388520717,20,1,5,5
gpt2-large,42,ORC,d,singular,plural,ungrammatical,The students who the bully,tease,teases,tease,2,1,-11.296542346477509,-12.961529731750488,1.6649873852729795,11.296542346477509,12.961529731750488,16,1.229473352432251,0.5295053720474243,0.1863926351070404,0.0596098601818084,20,1,5,5
gpt2-large,42,ORC,e,plural,singular,grammatical,The student who the bullies,tease,tease,teases,1,2,-10.059051513671877,-16.049806118011475,5.9907546043396,10.059051513671877,16.049806118011475,16,1.2657625675201416,0.5451343059539795,0.1680014878511428,0.0459999293088912,20,1,5,5
gpt2-large,42,ORC,f,plural,plural,grammatical,The students who the bullies,tease,tease,teases,1,2,-9.27015495300293,-16.741105556488037,7.470950603485107,9.27015495300293,16.741105556488037,16,1.2659894227981567,0.5452319383621216,0.1766411364078521,0.0586747527122497,20,1,5,5
gpt2-large,42,ORC,g,plural,singular,ungrammatical,The student who the bullies,teases,tease,teases,1,2,-10.059051513671877,-16.049806118011475,5.9907546043396,10.059051513671877,16.049806118011475,16,0.9114080667495728,0.3925220966339111,0.1492051035165786,0.0187942422926425,20,2,5,5
gpt2-large,42,ORC,h,plural,plural,ungrammatical,The students who the bullies,teases,tease,teases,1,2,-9.27015495300293,-16.741105556488037,7.470950603485107,9.27015495300293,16.741105556488037,16,0.9036878347396852,0.3891971707344055,0.1544736623764038,0.0224211681634187,20,2,5,5
gpt2-large,43,ORC,a,singular,singular,grammatical,The philosopher who the scientist,discusses,discusses,discuss,1,1,-8.235889434814453,-10.855588912963867,2.619699478149414,8.235889434814453,10.855588912963867,16,1.2261284589767456,0.5280647873878479,0.11771110445261,0.0581669583916664,20,1,5,5
gpt2-large,43,ORC,b,singular,plural,grammatical,The philosophers who the scientist,discusses,discusses,discuss,1,1,-7.000527381896973,-10.938570976257324,3.938043594360352,7.000527381896973,10.938570976257324,16,1.1327345371246338,0.4878421723842621,0.1350163370370865,0.067975677549839,20,1,5,5
gpt2-large,43,ORC,c,singular,singular,ungrammatical,The philosopher who the scientist,discuss,discusses,discuss,1,1,-8.235889434814453,-10.855588912963867,2.619699478149414,8.235889434814453,10.855588912963867,16,1.201117753982544,0.5172932147979736,0.1215399876236915,0.0601939260959625,20,1,5,5
gpt2-large,43,ORC,d,singular,plural,ungrammatical,The philosophers who the scientist,discuss,discusses,discuss,1,1,-7.000527381896973,-10.938570976257324,3.938043594360352,7.000527381896973,10.938570976257324,16,1.1276477575302124,0.485651433467865,0.1242542639374733,0.0616527684032917,20,1,5,5
gpt2-large,43,ORC,e,plural,singular,grammatical,The philosopher who the scientists,discuss,discuss,discusses,1,1,-7.513003826141357,-13.296552658081056,5.783548831939697,7.513003826141357,13.296552658081056,16,1.182295560836792,0.5091870427131653,0.1253537088632583,0.0598342716693878,20,1,5,5
gpt2-large,43,ORC,f,plural,plural,grammatical,The philosophers who the scientists,discuss,discuss,discusses,1,1,-6.825704574584961,-12.899145126342772,6.0734405517578125,6.825704574584961,12.899145126342772,16,1.1022992134094238,0.4747344553470611,0.1160132735967636,0.0587350130081176,20,1,5,5
gpt2-large,43,ORC,g,plural,singular,ungrammatical,The philosopher who the scientists,discusses,discuss,discusses,1,1,-7.513003826141357,-13.296552658081056,5.783548831939697,7.513003826141357,13.296552658081056,16,1.133592963218689,0.4882119297981262,0.1211527809500694,0.0581302270293235,20,1,5,5
gpt2-large,43,ORC,h,plural,plural,ungrammatical,The philosophers who the scientists,discusses,discuss,discusses,1,1,-6.825704574584961,-12.899145126342772,6.0734405517578125,6.825704574584961,12.899145126342772,16,1.0962456464767456,0.4721272885799408,0.1239949092268943,0.0693106427788734,20,1,5,5
gpt2-large,44,ORC,a,singular,singular,grammatical,The lawyer who the candidate,consults,consults,consult,2,1,-6.7859524236992,-6.772009372711182,-0.0139430509880185,6.7859524236992,6.772009372711182,16,1.0674340724945068,0.4597188532352447,0.1763545572757721,0.0497125089168548,20,2,5,5
gpt2-large,44,ORC,b,singular,plural,grammatical,The lawyers who the candidate,consults,consults,consult,2,1,-6.772113157436252,-6.757725715637207,-0.0143874417990446,6.772113157436252,6.757725715637207,16,1.1061855554580688,0.4764081537723541,0.175107330083847,0.0707968771457672,20,2,5,5
gpt2-large,44,ORC,c,singular,singular,ungrammatical,The lawyer who the candidate,consult,consults,consult,2,1,-6.7859524236992,-6.772009372711182,-0.0139430509880185,6.7859524236992,6.772009372711182,16,1.0674340724945068,0.4597188532352447,0.1763545572757721,0.0497125089168548,20,1,5,5
gpt2-large,44,ORC,d,singular,plural,ungrammatical,The lawyers who the candidate,consult,consults,consult,2,1,-6.772113157436252,-6.757725715637207,-0.0143874417990446,6.772113157436252,6.757725715637207,16,1.1061855554580688,0.4764081537723541,0.175107330083847,0.0707968771457672,20,1,5,5
gpt2-large,44,ORC,e,plural,singular,grammatical,The lawyer who the candidates,consult,consult,consults,1,2,-6.470410346984863,-8.191500663757324,1.721090316772461,6.470410346984863,8.191500663757324,16,1.1615450382232666,0.5002502202987671,0.1503599137067794,0.076028823852539,20,1,5,5
gpt2-large,44,ORC,f,plural,plural,grammatical,The lawyers who the candidates,consult,consult,consults,1,2,-6.316982746124268,-10.63320779800415,4.316225051879883,6.316982746124268,10.63320779800415,16,1.1441795825958252,0.4927713274955749,0.1493784785270691,0.0885915085673332,20,1,5,5
gpt2-large,44,ORC,g,plural,singular,ungrammatical,The lawyer who the candidates,consults,consult,consults,1,2,-6.470410346984863,-8.191500663757324,1.721090316772461,6.470410346984863,8.191500663757324,16,1.1615450382232666,0.5002502202987671,0.1503599137067794,0.076028823852539,20,2,5,5
gpt2-large,44,ORC,h,plural,plural,ungrammatical,The lawyers who the candidates,consults,consult,consults,1,2,-6.316982746124268,-10.63320779800415,4.316225051879883,6.316982746124268,10.63320779800415,16,1.1441795825958252,0.4927713274955749,0.1493784785270691,0.0885915085673332,20,2,5,5
gpt2-large,45,ORC,a,singular,singular,grammatical,The musician who the reviewer,praises,praises,praise,1,1,-6.180185794830322,-11.029590606689451,4.849404811859131,6.180185794830322,11.029590606689451,16,1.313717246055603,0.5657871961593628,0.163907304406166,0.0697985813021659,20,1,5,5
gpt2-large,45,ORC,b,singular,plural,grammatical,The musicians who the reviewer,praises,praises,praise,1,1,-5.666187286376953,-9.574857711791992,3.908670425415039,5.666187286376953,9.574857711791992,16,1.1801671981811523,0.5082703828811646,0.1520990133285522,0.0860660076141357,20,1,5,5
gpt2-large,45,ORC,c,singular,singular,ungrammatical,The musician who the reviewer,praise,praises,praise,1,1,-6.180185794830322,-11.029590606689451,4.849404811859131,6.180185794830322,11.029590606689451,16,1.2482271194458008,0.5375822186470032,0.1803682893514633,0.0561755523085594,20,1,5,5
gpt2-large,45,ORC,d,singular,plural,ungrammatical,The musicians who the reviewer,praise,praises,praise,1,1,-5.666187286376953,-9.574857711791992,3.908670425415039,5.666187286376953,9.574857711791992,16,1.178244948387146,0.5074425339698792,0.1559920758008957,0.0770570263266563,20,1,5,5
gpt2-large,45,ORC,e,plural,singular,grammatical,The musician who the reviewers,praise,praise,praises,1,1,-5.543745040893555,-10.325439453125,4.781694412231445,5.543745040893555,10.325439453125,16,1.248603582382202,0.5377442240715027,0.1692570298910141,0.0601357445120811,20,1,5,5
gpt2-large,45,ORC,f,plural,plural,grammatical,The musicians who the reviewers,praise,praise,praises,1,1,-5.0575690269470215,-10.682249069213867,5.624680042266846,5.0575690269470215,10.682249069213867,16,1.151374340057373,0.4958699643611908,0.1535393446683883,0.0716182589530944,20,1,5,5
gpt2-large,45,ORC,g,plural,singular,ungrammatical,The musician who the reviewers,praises,praise,praises,1,1,-5.543745040893555,-10.325439453125,4.781694412231445,5.543745040893555,10.325439453125,16,1.2283579111099243,0.5290248990058899,0.1796184331178665,0.0598278231918811,20,1,5,5
gpt2-large,45,ORC,h,plural,plural,ungrammatical,The musicians who the reviewers,praises,praise,praises,1,1,-5.0575690269470215,-10.682249069213867,5.624680042266846,5.0575690269470215,10.682249069213867,16,1.132631540298462,0.4877979159355163,0.1651993691921234,0.071116879582405,20,1,5,5
gpt2-large,46,ORC,a,singular,singular,grammatical,The receptionist who the boss,gives,gives,give,1,1,-5.971138954162598,-10.246484756469728,4.275345802307129,5.971138954162598,10.246484756469728,16,1.2530027627944946,0.4847275614738464,0.1122747883200645,0.100690983235836,20,1,6,6
gpt2-large,46,ORC,b,singular,plural,grammatical,The receptionists who the boss,gives,gives,give,1,1,-5.416679382324219,-9.441683769226074,4.025004386901856,5.416679382324219,9.441683769226074,16,1.1876015663146973,0.4594270288944244,0.1125450581312179,0.112286701798439,20,1,6,6
gpt2-large,46,ORC,c,singular,singular,ungrammatical,The receptionist who the boss,give,gives,give,1,1,-5.971138954162598,-10.246484756469728,4.275345802307129,5.971138954162598,10.246484756469728,16,1.2415906190872192,0.4803127646446228,0.1087112799286842,0.0849309563636779,20,1,6,6
gpt2-large,46,ORC,d,singular,plural,ungrammatical,The receptionists who the boss,give,gives,give,1,1,-5.416679382324219,-9.441683769226074,4.025004386901856,5.416679382324219,9.441683769226074,16,1.203273892402649,0.46548992395401,0.0994517356157302,0.099925123155117,20,1,6,6
gpt2-large,46,ORC,e,plural,singular,grammatical,The receptionist who the bosses,give,give,gives,1,1,-6.295609474182129,-10.352992057800291,4.057382583618164,6.295609474182129,10.352992057800291,16,1.2480181455612185,0.4827993810176849,0.1174844726920127,0.0998513177037239,20,1,6,6
gpt2-large,46,ORC,f,plural,plural,grammatical,The receptionists who the bosses,give,give,gives,1,1,-5.676282405853272,-10.726245880126951,5.049963474273682,5.676282405853272,10.726245880126951,16,1.210323929786682,0.4682171940803528,0.1109867915511131,0.1063512787222862,20,1,6,6
gpt2-large,46,ORC,g,plural,singular,ungrammatical,The receptionist who the bosses,gives,give,gives,1,1,-6.295609474182129,-10.352992057800291,4.057382583618164,6.295609474182129,10.352992057800291,16,1.256671905517578,0.4861469864845276,0.1123326048254966,0.0971448123455047,20,1,6,6
gpt2-large,46,ORC,h,plural,plural,ungrammatical,The receptionists who the bosses,gives,give,gives,1,1,-5.676282405853272,-10.726245880126951,5.049963474273682,5.676282405853272,10.726245880126951,16,1.16890549659729,0.4521943628787994,0.1190414279699325,0.1078319922089576,20,1,6,6
gpt2-large,47,ORC,a,singular,singular,grammatical,The actress who the designer,creates,creates,create,1,1,-8.910295486450195,-12.04526424407959,3.1349687576293945,8.910295486450195,12.04526424407959,16,1.2140812873840332,0.5228763818740845,0.1454478204250335,0.0665331929922103,20,1,5,5
gpt2-large,47,ORC,b,singular,plural,grammatical,The actresses who the designer,creates,creates,create,1,1,-7.677466869354248,-11.117481231689451,3.440014362335205,7.677466869354248,11.117481231689451,16,1.096163988113403,0.4720922410488128,0.1381396502256393,0.067160740494728,20,1,5,5
gpt2-large,47,ORC,c,singular,singular,ungrammatical,The actress who the designer,create,creates,create,1,1,-8.910295486450195,-12.04526424407959,3.1349687576293945,8.910295486450195,12.04526424407959,16,1.206291913986206,0.5195217132568359,0.1488545387983322,0.0664966255426406,20,1,5,5
gpt2-large,47,ORC,d,singular,plural,ungrammatical,The actresses who the designer,create,creates,create,1,1,-7.677466869354248,-11.117481231689451,3.440014362335205,7.677466869354248,11.117481231689451,16,1.0855317115783691,0.4675130844116211,0.1336828768253326,0.0625886470079422,20,1,5,5
gpt2-large,47,ORC,e,plural,singular,grammatical,The actress who the designers,create,create,creates,1,1,-9.066484451293944,-13.130897521972656,4.064413070678711,9.066484451293944,13.130897521972656,16,1.1784653663635254,0.5075374245643616,0.1340790092945099,0.0594140775501728,20,1,5,5
gpt2-large,47,ORC,f,plural,plural,grammatical,The actresses who the designers,create,create,creates,1,1,-7.939064979553223,-12.446791648864746,4.507726669311523,7.939064979553223,12.446791648864746,16,1.0639053583145142,0.4581991136074066,0.1211585775017738,0.059110652655363,20,1,5,5
gpt2-large,47,ORC,g,plural,singular,ungrammatical,The actress who the designers,creates,create,creates,1,1,-9.066484451293944,-13.130897521972656,4.064413070678711,9.066484451293944,13.130897521972656,16,1.2209893465042114,0.5258514881134033,0.1382012218236923,0.0673524513840675,20,1,5,5
gpt2-large,47,ORC,h,plural,plural,ungrammatical,The actresses who the designers,creates,create,creates,1,1,-7.939064979553223,-12.446791648864746,4.507726669311523,7.939064979553223,12.446791648864746,16,1.143239974975586,0.4923666417598724,0.134012222290039,0.068660981953144,20,1,5,5
gpt2-large,48,ORC,a,singular,singular,grammatical,The programmer who the manager,oversees,oversees,oversee,1,1,-8.504141807556152,-14.001508712768556,5.497366905212402,8.504141807556152,14.001508712768556,16,1.2089236974716189,0.5206550359725952,0.1330732405185699,0.06101805716753,20,1,5,5
gpt2-large,48,ORC,b,singular,plural,grammatical,The programmers who the manager,oversees,oversees,oversee,1,1,-8.176338195800781,-13.056252479553224,4.879914283752441,8.176338195800781,13.056252479553224,16,1.1298062801361084,0.4865811467170715,0.1488688439130783,0.0620564334094524,20,1,5,5
gpt2-large,48,ORC,c,singular,singular,ungrammatical,The programmer who the manager,oversee,oversees,oversee,1,1,-8.504141807556152,-14.001508712768556,5.497366905212402,8.504141807556152,14.001508712768556,16,1.190401315689087,0.5126778483390808,0.1379178315401077,0.0573913231492042,20,1,5,5
gpt2-large,48,ORC,d,singular,plural,ungrammatical,The programmers who the manager,oversee,oversees,oversee,1,1,-8.176338195800781,-13.056252479553224,4.879914283752441,8.176338195800781,13.056252479553224,16,1.153374195098877,0.4967311918735504,0.1499810665845871,0.0634830966591835,20,1,5,5
gpt2-large,48,ORC,e,plural,singular,grammatical,The programmer who the managers,oversee,oversee,oversees,1,1,-10.004317283630373,-12.458907127380373,2.45458984375,10.004317283630373,12.458907127380373,16,1.2110687494277954,0.5215789079666138,0.1448548734188079,0.0592984184622764,20,1,5,5
gpt2-large,48,ORC,f,plural,plural,grammatical,The programmers who the managers,oversee,oversee,oversees,1,1,-8.49959945678711,-12.211149215698242,3.711549758911133,8.49959945678711,12.211149215698242,16,1.1585943698883057,0.4989795088768005,0.1345835626125335,0.0630593821406364,20,1,5,5
gpt2-large,48,ORC,g,plural,singular,ungrammatical,The programmer who the managers,oversees,oversee,oversees,1,1,-10.004317283630373,-12.458907127380373,2.45458984375,10.004317283630373,12.458907127380373,16,1.194731831550598,0.5145430564880371,0.1404236555099487,0.0633982568979263,20,1,5,5
gpt2-large,48,ORC,h,plural,plural,ungrammatical,The programmers who the managers,oversees,oversee,oversees,1,1,-8.49959945678711,-12.211149215698242,3.711549758911133,8.49959945678711,12.211149215698242,16,1.146028757095337,0.4935677647590637,0.1450953632593155,0.0579046234488487,20,1,5,5
